[2026-07-28 15:53:01] production.ERROR: SQLSTATE[HY000] [1049] Unknown database 'lv' (Connection: mysql, SQL: select exists (select 1 from information_schema.tables where table_schema = schema() and table_name = 'settings' and table_type in ('BASE TABLE', 'SYSTEM VERSIONED')) as `exists`) {"exception":"[object] (Illuminate\\Database\\QueryException(code: 1049): SQLSTATE[HY000] [1049] Unknown database 'lv' (Connection: mysql, SQL: select exists (select 1 from information_schema.tables where table_schema = schema() and table_name = 'settings' and table_type in ('BASE TABLE', 'SYSTEM VERSIONED')) as `exists`) at D:/coding/projects/web developer/Laravel/tavv.sa/vendor/laravel/framework/src/Illuminate/Database/Connection.php:822)
[stacktrace]
#0 D:/coding/projects/web developer/Laravel/tavv.sa/vendor/laravel/framework/src/Illuminate/Database/Connection.php(776): Illuminate/Database/Connection->runQueryCallback('select exists (...', Array, Object(Closure))
#1 D:/coding/projects/web developer/Laravel/tavv.sa/vendor/laravel/framework/src/Illuminate/Database/Connection.php(395): Illuminate/Database/Connection->run('select exists (...', Array, Object(Closure))
#2 D:/coding/projects/web developer/Laravel/tavv.sa/vendor/laravel/framework/src/Illuminate/Database/Connection.php(341): Illuminate/Database/Connection->select('select exists (...', Array, true)
#3 D:/coding/projects/web developer/Laravel/tavv.sa/vendor/laravel/framework/src/Illuminate/Database/Connection.php(358): Illuminate/Database/Connection->selectOne('select exists (...', Array, true)
#4 D:/coding/projects/web developer/Laravel/tavv.sa/vendor/laravel/framework/src/Illuminate/Database/Schema/Builder.php(174): Illuminate/Database/Connection->scalar('select exists (...')
#5 D:/coding/projects/web developer/Laravel/tavv.sa/vendor/laravel/framework/src/Illuminate/Support/Facades/Facade.php(361): Illuminate/Database/Schema/Builder->hasTable('settings')
#6 D:/coding/projects/web developer/Laravel/tavv.sa/platform/packages/corbital/laravel-settings/src/Helpers/SettingsHelper.php(36): Illuminate/Support/Facades/Facade::__callStatic('hasTable', Array)
#7 D:/coding/projects/web developer/Laravel/tavv.sa/platform/packages/corbital/laravel-settings/src/Helpers/SettingsHelper.php(197): get_settings_by_group('email')
#8 D:/coding/projects/web developer/Laravel/tavv.sa/app/Services/MailService.php(39): get_setting('email.smtp_host')
#9 D:/coding/projects/web developer/Laravel/tavv.sa/app/Providers/AppServiceProvider.php(120): App/Services/MailService->setMailConfig()
#10 D:/coding/projects/web developer/Laravel/tavv.sa/app/Providers/AppServiceProvider.php(73): App/Providers/AppServiceProvider->configureMailService()
#11 D:/coding/projects/web developer/Laravel/tavv.sa/vendor/laravel/framework/src/Illuminate/Container/BoundMethod.php(36): App/Providers/AppServiceProvider->boot()
#12 D:/coding/projects/web developer/Laravel/tavv.sa/vendor/laravel/framework/src/Illuminate/Container/Util.php(43): Illuminate/Container/BoundMethod::{closure:Illuminate/Container/BoundMethod::call():35}()
#13 D:/coding/projects/web developer/Laravel/tavv.sa/vendor/laravel/framework/src/Illuminate/Container/BoundMethod.php(96): Illuminate/Container/Util::unwrapIfClosure(Object(Closure))
#14 D:/coding/projects/web developer/Laravel/tavv.sa/vendor/laravel/framework/src/Illuminate/Container/BoundMethod.php(35): Illuminate/Container/BoundMethod::callBoundMethod(Object(Illuminate/Foundation/Application), Array, Object(Closure))
#15 D:/coding/projects/web developer/Laravel/tavv.sa/vendor/laravel/framework/src/Illuminate/Container/Container.php(754): Illuminate/Container/BoundMethod::call(Object(Illuminate/Foundation/Application), Array, Array, NULL)
#16 D:/coding/projects/web developer/Laravel/tavv.sa/vendor/laravel/framework/src/Illuminate/Foundation/Application.php(1150): Illuminate/Container/Container->call(Array)
#17 D:/coding/projects/web developer/Laravel/tavv.sa/vendor/laravel/framework/src/Illuminate/Foundation/Application.php(1131): Illuminate/Foundation/Application->bootProvider(Object(App/Providers/AppServiceProvider))
#18 [internal function]: Illuminate/Foundation/Application->{closure:Illuminate/Foundation/Application::boot():1130}(Object(App/Providers/AppServiceProvider), 'App//Providers//A...')
#19 D:/coding/projects/web developer/Laravel/tavv.sa/vendor/laravel/framework/src/Illuminate/Foundation/Application.php(1130): array_walk(Array, Object(Closure))
#20 D:/coding/projects/web developer/Laravel/tavv.sa/vendor/laravel/framework/src/Illuminate/Foundation/Bootstrap/BootProviders.php(17): Illuminate/Foundation/Application->boot()
#21 D:/coding/projects/web developer/Laravel/tavv.sa/vendor/laravel/framework/src/Illuminate/Foundation/Application.php(341): Illuminate/Foundation/Bootstrap/BootProviders->bootstrap(Object(Illuminate/Foundation/Application))
#22 D:/coding/projects/web developer/Laravel/tavv.sa/vendor/laravel/framework/src/Illuminate/Foundation/Console/Kernel.php(473): Illuminate/Foundation/Application->bootstrapWith(Array)
#23 D:/coding/projects/web developer/Laravel/tavv.sa/vendor/laravel/framework/src/Illuminate/Foundation/Console/Kernel.php(195): Illuminate/Foundation/Console/Kernel->bootstrap()
#24 D:/coding/projects/web developer/Laravel/tavv.sa/vendor/laravel/framework/src/Illuminate/Foundation/Application.php(1234): Illuminate/Foundation/Console/Kernel->handle(Object(Symfony/Component/Console/Input/ArgvInput), Object(Symfony/Component/Console/Output/ConsoleOutput))
#25 D:/coding/projects/web developer/Laravel/tavv.sa/artisan(16): Illuminate/Foundation/Application->handleCommand(Object(Symfony/Component/Console/Input/ArgvInput))
#26 {main}

[previous exception] [object] (PDOException(code: 1049): SQLSTATE[HY000] [1049] Unknown database 'lv' at D:/coding/projects/web developer/Laravel/tavv.sa/vendor/laravel/framework/src/Illuminate/Database/Connectors/Connector.php:67)
[stacktrace]
#0 D:/coding/projects/web developer/Laravel/tavv.sa/vendor/laravel/framework/src/Illuminate/Database/Connectors/Connector.php(67): PDO::connect('mysql:host=127....', 'root', Object(SensitiveParameterValue), Array)
#1 D:/coding/projects/web developer/Laravel/tavv.sa/vendor/laravel/framework/src/Illuminate/Database/Connectors/Connector.php(44): Illuminate/Database/Connectors/Connector->createPdoConnection('mysql:host=127....', 'root', Object(SensitiveParameterValue), Array)
#2 D:/coding/projects/web developer/Laravel/tavv.sa/vendor/laravel/framework/src/Illuminate/Database/Connectors/MySqlConnector.php(24): Illuminate/Database/Connectors/Connector->createConnection('mysql:host=127....', Array, Array)
#3 D:/coding/projects/web developer/Laravel/tavv.sa/vendor/laravel/framework/src/Illuminate/Database/Connectors/ConnectionFactory.php(184): Illuminate/Database/Connectors/MySqlConnector->connect(Array)
#4 [internal function]: Illuminate/Database/Connectors/ConnectionFactory->{closure:Illuminate/Database/Connectors/ConnectionFactory::createPdoResolverWithHosts():179}()
#5 D:/coding/projects/web developer/Laravel/tavv.sa/vendor/laravel/framework/src/Illuminate/Database/Connection.php(1228): call_user_func(Object(Closure))
#6 D:/coding/projects/web developer/Laravel/tavv.sa/vendor/laravel/framework/src/Illuminate/Database/Connection.php(1264): Illuminate/Database/Connection->getPdo()
#7 D:/coding/projects/web developer/Laravel/tavv.sa/vendor/laravel/framework/src/Illuminate/Database/Connection.php(509): Illuminate/Database/Connection->getReadPdo()
#8 D:/coding/projects/web developer/Laravel/tavv.sa/vendor/laravel/framework/src/Illuminate/Database/Connection.php(404): Illuminate/Database/Connection->getPdoForSelect(true)
#9 D:/coding/projects/web developer/Laravel/tavv.sa/vendor/laravel/framework/src/Illuminate/Database/Connection.php(809): Illuminate/Database/Connection->{closure:Illuminate/Database/Connection::select():395}('select exists (...', Array)
#10 D:/coding/projects/web developer/Laravel/tavv.sa/vendor/laravel/framework/src/Illuminate/Database/Connection.php(776): Illuminate/Database/Connection->runQueryCallback('select exists (...', Array, Object(Closure))
#11 D:/coding/projects/web developer/Laravel/tavv.sa/vendor/laravel/framework/src/Illuminate/Database/Connection.php(395): Illuminate/Database/Connection->run('select exists (...', Array, Object(Closure))
#12 D:/coding/projects/web developer/Laravel/tavv.sa/vendor/laravel/framework/src/Illuminate/Database/Connection.php(341): Illuminate/Database/Connection->select('select exists (...', Array, true)
#13 D:/coding/projects/web developer/Laravel/tavv.sa/vendor/laravel/framework/src/Illuminate/Database/Connection.php(358): Illuminate/Database/Connection->selectOne('select exists (...', Array, true)
#14 D:/coding/projects/web developer/Laravel/tavv.sa/vendor/laravel/framework/src/Illuminate/Database/Schema/Builder.php(174): Illuminate/Database/Connection->scalar('select exists (...')
#15 D:/coding/projects/web developer/Laravel/tavv.sa/vendor/laravel/framework/src/Illuminate/Support/Facades/Facade.php(361): Illuminate/Database/Schema/Builder->hasTable('settings')
#16 D:/coding/projects/web developer/Laravel/tavv.sa/platform/packages/corbital/laravel-settings/src/Helpers/SettingsHelper.php(36): Illuminate/Support/Facades/Facade::__callStatic('hasTable', Array)
#17 D:/coding/projects/web developer/Laravel/tavv.sa/platform/packages/corbital/laravel-settings/src/Helpers/SettingsHelper.php(197): get_settings_by_group('email')
#18 D:/coding/projects/web developer/Laravel/tavv.sa/app/Services/MailService.php(39): get_setting('email.smtp_host')
#19 D:/coding/projects/web developer/Laravel/tavv.sa/app/Providers/AppServiceProvider.php(120): App/Services/MailService->setMailConfig()
#20 D:/coding/projects/web developer/Laravel/tavv.sa/app/Providers/AppServiceProvider.php(73): App/Providers/AppServiceProvider->configureMailService()
#21 D:/coding/projects/web developer/Laravel/tavv.sa/vendor/laravel/framework/src/Illuminate/Container/BoundMethod.php(36): App/Providers/AppServiceProvider->boot()
#22 D:/coding/projects/web developer/Laravel/tavv.sa/vendor/laravel/framework/src/Illuminate/Container/Util.php(43): Illuminate/Container/BoundMethod::{closure:Illuminate/Container/BoundMethod::call():35}()
#23 D:/coding/projects/web developer/Laravel/tavv.sa/vendor/laravel/framework/src/Illuminate/Container/BoundMethod.php(96): Illuminate/Container/Util::unwrapIfClosure(Object(Closure))
#24 D:/coding/projects/web developer/Laravel/tavv.sa/vendor/laravel/framework/src/Illuminate/Container/BoundMethod.php(35): Illuminate/Container/BoundMethod::callBoundMethod(Object(Illuminate/Foundation/Application), Array, Object(Closure))
#25 D:/coding/projects/web developer/Laravel/tavv.sa/vendor/laravel/framework/src/Illuminate/Container/Container.php(754): Illuminate/Container/BoundMethod::call(Object(Illuminate/Foundation/Application), Array, Array, NULL)
#26 D:/coding/projects/web developer/Laravel/tavv.sa/vendor/laravel/framework/src/Illuminate/Foundation/Application.php(1150): Illuminate/Container/Container->call(Array)
#27 D:/coding/projects/web developer/Laravel/tavv.sa/vendor/laravel/framework/src/Illuminate/Foundation/Application.php(1131): Illuminate/Foundation/Application->bootProvider(Object(App/Providers/AppServiceProvider))
#28 [internal function]: Illuminate/Foundation/Application->{closure:Illuminate/Foundation/Application::boot():1130}(Object(App/Providers/AppServiceProvider), 'App//Providers//A...')
#29 D:/coding/projects/web developer/Laravel/tavv.sa/vendor/laravel/framework/src/Illuminate/Foundation/Application.php(1130): array_walk(Array, Object(Closure))
#30 D:/coding/projects/web developer/Laravel/tavv.sa/vendor/laravel/framework/src/Illuminate/Foundation/Bootstrap/BootProviders.php(17): Illuminate/Foundation/Application->boot()
#31 D:/coding/projects/web developer/Laravel/tavv.sa/vendor/laravel/framework/src/Illuminate/Foundation/Application.php(341): Illuminate/Foundation/Bootstrap/BootProviders->bootstrap(Object(Illuminate/Foundation/Application))
#32 D:/coding/projects/web developer/Laravel/tavv.sa/vendor/laravel/framework/src/Illuminate/Foundation/Console/Kernel.php(473): Illuminate/Foundation/Application->bootstrapWith(Array)
#33 D:/coding/projects/web developer/Laravel/tavv.sa/vendor/laravel/framework/src/Illuminate/Foundation/Console/Kernel.php(195): Illuminate/Foundation/Console/Kernel->bootstrap()
#34 D:/coding/projects/web developer/Laravel/tavv.sa/vendor/laravel/framework/src/Illuminate/Foundation/Application.php(1234): Illuminate/Foundation/Console/Kernel->handle(Object(Symfony/Component/Console/Input/ArgvInput), Object(Symfony/Component/Console/Output/ConsoleOutput))
#35 D:/coding/projects/web developer/Laravel/tavv.sa/artisan(16): Illuminate/Foundation/Application->handleCommand(Object(Symfony/Component/Console/Input/ArgvInput))
#36 {main}
"} 
[2026-07-28 15:53:01] production.ERROR: SQLSTATE[HY000] [1049] Unknown database 'lv' (Connection: mysql, SQL: select exists (select 1 from information_schema.tables where table_schema = schema() and table_name = 'settings' and table_type in ('BASE TABLE', 'SYSTEM VERSIONED')) as `exists`) {"exception":"[object] (Illuminate\\Database\\QueryException(code: 1049): SQLSTATE[HY000] [1049] Unknown database 'lv' (Connection: mysql, SQL: select exists (select 1 from information_schema.tables where table_schema = schema() and table_name = 'settings' and table_type in ('BASE TABLE', 'SYSTEM VERSIONED')) as `exists`) at D:/coding/projects/web developer/Laravel/tavv.sa/vendor/laravel/framework/src/Illuminate/Database/Connection.php:822)
[stacktrace]
#0 D:/coding/projects/web developer/Laravel/tavv.sa/vendor/laravel/framework/src/Illuminate/Database/Connection.php(776): Illuminate/Database/Connection->runQueryCallback('select exists (...', Array, Object(Closure))
#1 D:/coding/projects/web developer/Laravel/tavv.sa/vendor/laravel/framework/src/Illuminate/Database/Connection.php(395): Illuminate/Database/Connection->run('select exists (...', Array, Object(Closure))
#2 D:/coding/projects/web developer/Laravel/tavv.sa/vendor/laravel/framework/src/Illuminate/Database/Connection.php(341): Illuminate/Database/Connection->select('select exists (...', Array, true)
#3 D:/coding/projects/web developer/Laravel/tavv.sa/vendor/laravel/framework/src/Illuminate/Database/Connection.php(358): Illuminate/Database/Connection->selectOne('select exists (...', Array, true)
#4 D:/coding/projects/web developer/Laravel/tavv.sa/vendor/laravel/framework/src/Illuminate/Database/Schema/Builder.php(174): Illuminate/Database/Connection->scalar('select exists (...')
#5 D:/coding/projects/web developer/Laravel/tavv.sa/vendor/laravel/framework/src/Illuminate/Support/Facades/Facade.php(361): Illuminate/Database/Schema/Builder->hasTable('settings')
#6 D:/coding/projects/web developer/Laravel/tavv.sa/platform/packages/corbital/laravel-settings/src/Helpers/SettingsHelper.php(36): Illuminate/Support/Facades/Facade::__callStatic('hasTable', Array)
#7 D:/coding/projects/web developer/Laravel/tavv.sa/platform/packages/corbital/laravel-settings/src/Helpers/SettingsHelper.php(197): get_settings_by_group('email')
#8 D:/coding/projects/web developer/Laravel/tavv.sa/app/Services/MailService.php(40): get_setting('email.smtp_user...')
#9 D:/coding/projects/web developer/Laravel/tavv.sa/app/Providers/AppServiceProvider.php(120): App/Services/MailService->setMailConfig()
#10 D:/coding/projects/web developer/Laravel/tavv.sa/app/Providers/AppServiceProvider.php(73): App/Providers/AppServiceProvider->configureMailService()
#11 D:/coding/projects/web developer/Laravel/tavv.sa/vendor/laravel/framework/src/Illuminate/Container/BoundMethod.php(36): App/Providers/AppServiceProvider->boot()
#12 D:/coding/projects/web developer/Laravel/tavv.sa/vendor/laravel/framework/src/Illuminate/Container/Util.php(43): Illuminate/Container/BoundMethod::{closure:Illuminate/Container/BoundMethod::call():35}()
#13 D:/coding/projects/web developer/Laravel/tavv.sa/vendor/laravel/framework/src/Illuminate/Container/BoundMethod.php(96): Illuminate/Container/Util::unwrapIfClosure(Object(Closure))
#14 D:/coding/projects/web developer/Laravel/tavv.sa/vendor/laravel/framework/src/Illuminate/Container/BoundMethod.php(35): Illuminate/Container/BoundMethod::callBoundMethod(Object(Illuminate/Foundation/Application), Array, Object(Closure))
#15 D:/coding/projects/web developer/Laravel/tavv.sa/vendor/laravel/framework/src/Illuminate/Container/Container.php(754): Illuminate/Container/BoundMethod::call(Object(Illuminate/Foundation/Application), Array, Array, NULL)
#16 D:/coding/projects/web developer/Laravel/tavv.sa/vendor/laravel/framework/src/Illuminate/Foundation/Application.php(1150): Illuminate/Container/Container->call(Array)
#17 D:/coding/projects/web developer/Laravel/tavv.sa/vendor/laravel/framework/src/Illuminate/Foundation/Application.php(1131): Illuminate/Foundation/Application->bootProvider(Object(App/Providers/AppServiceProvider))
#18 [internal function]: Illuminate/Foundation/Application->{closure:Illuminate/Foundation/Application::boot():1130}(Object(App/Providers/AppServiceProvider), 'App//Providers//A...')
#19 D:/coding/projects/web developer/Laravel/tavv.sa/vendor/laravel/framework/src/Illuminate/Foundation/Application.php(1130): array_walk(Array, Object(Closure))
#20 D:/coding/projects/web developer/Laravel/tavv.sa/vendor/laravel/framework/src/Illuminate/Foundation/Bootstrap/BootProviders.php(17): Illuminate/Foundation/Application->boot()
#21 D:/coding/projects/web developer/Laravel/tavv.sa/vendor/laravel/framework/src/Illuminate/Foundation/Application.php(341): Illuminate/Foundation/Bootstrap/BootProviders->bootstrap(Object(Illuminate/Foundation/Application))
#22 D:/coding/projects/web developer/Laravel/tavv.sa/vendor/laravel/framework/src/Illuminate/Foundation/Console/Kernel.php(473): Illuminate/Foundation/Application->bootstrapWith(Array)
#23 D:/coding/projects/web developer/Laravel/tavv.sa/vendor/laravel/framework/src/Illuminate/Foundation/Console/Kernel.php(195): Illuminate/Foundation/Console/Kernel->bootstrap()
#24 D:/coding/projects/web developer/Laravel/tavv.sa/vendor/laravel/framework/src/Illuminate/Foundation/Application.php(1234): Illuminate/Foundation/Console/Kernel->handle(Object(Symfony/Component/Console/Input/ArgvInput), Object(Symfony/Component/Console/Output/ConsoleOutput))
#25 D:/coding/projects/web developer/Laravel/tavv.sa/artisan(16): Illuminate/Foundation/Application->handleCommand(Object(Symfony/Component/Console/Input/ArgvInput))
#26 {main}

[previous exception] [object] (PDOException(code: 1049): SQLSTATE[HY000] [1049] Unknown database 'lv' at D:/coding/projects/web developer/Laravel/tavv.sa/vendor/laravel/framework/src/Illuminate/Database/Connectors/Connector.php:67)
[stacktrace]
#0 D:/coding/projects/web developer/Laravel/tavv.sa/vendor/laravel/framework/src/Illuminate/Database/Connectors/Connector.php(67): PDO::connect('mysql:host=127....', 'root', Object(SensitiveParameterValue), Array)
#1 D:/coding/projects/web developer/Laravel/tavv.sa/vendor/laravel/framework/src/Illuminate/Database/Connectors/Connector.php(44): Illuminate/Database/Connectors/Connector->createPdoConnection('mysql:host=127....', 'root', Object(SensitiveParameterValue), Array)
#2 D:/coding/projects/web developer/Laravel/tavv.sa/vendor/laravel/framework/src/Illuminate/Database/Connectors/MySqlConnector.php(24): Illuminate/Database/Connectors/Connector->createConnection('mysql:host=127....', Array, Array)
#3 D:/coding/projects/web developer/Laravel/tavv.sa/vendor/laravel/framework/src/Illuminate/Database/Connectors/ConnectionFactory.php(184): Illuminate/Database/Connectors/MySqlConnector->connect(Array)
#4 [internal function]: Illuminate/Database/Connectors/ConnectionFactory->{closure:Illuminate/Database/Connectors/ConnectionFactory::createPdoResolverWithHosts():179}()
#5 D:/coding/projects/web developer/Laravel/tavv.sa/vendor/laravel/framework/src/Illuminate/Database/Connection.php(1228): call_user_func(Object(Closure))
#6 D:/coding/projects/web developer/Laravel/tavv.sa/vendor/laravel/framework/src/Illuminate/Database/Connection.php(1264): Illuminate/Database/Connection->getPdo()
#7 D:/coding/projects/web developer/Laravel/tavv.sa/vendor/laravel/framework/src/Illuminate/Database/Connection.php(509): Illuminate/Database/Connection->getReadPdo()
#8 D:/coding/projects/web developer/Laravel/tavv.sa/vendor/laravel/framework/src/Illuminate/Database/Connection.php(404): Illuminate/Database/Connection->getPdoForSelect(true)
#9 D:/coding/projects/web developer/Laravel/tavv.sa/vendor/laravel/framework/src/Illuminate/Database/Connection.php(809): Illuminate/Database/Connection->{closure:Illuminate/Database/Connection::select():395}('select exists (...', Array)
#10 D:/coding/projects/web developer/Laravel/tavv.sa/vendor/laravel/framework/src/Illuminate/Database/Connection.php(776): Illuminate/Database/Connection->runQueryCallback('select exists (...', Array, Object(Closure))
#11 D:/coding/projects/web developer/Laravel/tavv.sa/vendor/laravel/framework/src/Illuminate/Database/Connection.php(395): Illuminate/Database/Connection->run('select exists (...', Array, Object(Closure))
#12 D:/coding/projects/web developer/Laravel/tavv.sa/vendor/laravel/framework/src/Illuminate/Database/Connection.php(341): Illuminate/Database/Connection->select('select exists (...', Array, true)
#13 D:/coding/projects/web developer/Laravel/tavv.sa/vendor/laravel/framework/src/Illuminate/Database/Connection.php(358): Illuminate/Database/Connection->selectOne('select exists (...', Array, true)
#14 D:/coding/projects/web developer/Laravel/tavv.sa/vendor/laravel/framework/src/Illuminate/Database/Schema/Builder.php(174): Illuminate/Database/Connection->scalar('select exists (...')
#15 D:/coding/projects/web developer/Laravel/tavv.sa/vendor/laravel/framework/src/Illuminate/Support/Facades/Facade.php(361): Illuminate/Database/Schema/Builder->hasTable('settings')
#16 D:/coding/projects/web developer/Laravel/tavv.sa/platform/packages/corbital/laravel-settings/src/Helpers/SettingsHelper.php(36): Illuminate/Support/Facades/Facade::__callStatic('hasTable', Array)
#17 D:/coding/projects/web developer/Laravel/tavv.sa/platform/packages/corbital/laravel-settings/src/Helpers/SettingsHelper.php(197): get_settings_by_group('email')
#18 D:/coding/projects/web developer/Laravel/tavv.sa/app/Services/MailService.php(40): get_setting('email.smtp_user...')
#19 D:/coding/projects/web developer/Laravel/tavv.sa/app/Providers/AppServiceProvider.php(120): App/Services/MailService->setMailConfig()
#20 D:/coding/projects/web developer/Laravel/tavv.sa/app/Providers/AppServiceProvider.php(73): App/Providers/AppServiceProvider->configureMailService()
#21 D:/coding/projects/web developer/Laravel/tavv.sa/vendor/laravel/framework/src/Illuminate/Container/BoundMethod.php(36): App/Providers/AppServiceProvider->boot()
#22 D:/coding/projects/web developer/Laravel/tavv.sa/vendor/laravel/framework/src/Illuminate/Container/Util.php(43): Illuminate/Container/BoundMethod::{closure:Illuminate/Container/BoundMethod::call():35}()
#23 D:/coding/projects/web developer/Laravel/tavv.sa/vendor/laravel/framework/src/Illuminate/Container/BoundMethod.php(96): Illuminate/Container/Util::unwrapIfClosure(Object(Closure))
#24 D:/coding/projects/web developer/Laravel/tavv.sa/vendor/laravel/framework/src/Illuminate/Container/BoundMethod.php(35): Illuminate/Container/BoundMethod::callBoundMethod(Object(Illuminate/Foundation/Application), Array, Object(Closure))
#25 D:/coding/projects/web developer/Laravel/tavv.sa/vendor/laravel/framework/src/Illuminate/Container/Container.php(754): Illuminate/Container/BoundMethod::call(Object(Illuminate/Foundation/Application), Array, Array, NULL)
#26 D:/coding/projects/web developer/Laravel/tavv.sa/vendor/laravel/framework/src/Illuminate/Foundation/Application.php(1150): Illuminate/Container/Container->call(Array)
#27 D:/coding/projects/web developer/Laravel/tavv.sa/vendor/laravel/framework/src/Illuminate/Foundation/Application.php(1131): Illuminate/Foundation/Application->bootProvider(Object(App/Providers/AppServiceProvider))
#28 [internal function]: Illuminate/Foundation/Application->{closure:Illuminate/Foundation/Application::boot():1130}(Object(App/Providers/AppServiceProvider), 'App//Providers//A...')
#29 D:/coding/projects/web developer/Laravel/tavv.sa/vendor/laravel/framework/src/Illuminate/Foundation/Application.php(1130): array_walk(Array, Object(Closure))
#30 D:/coding/projects/web developer/Laravel/tavv.sa/vendor/laravel/framework/src/Illuminate/Foundation/Bootstrap/BootProviders.php(17): Illuminate/Foundation/Application->boot()
#31 D:/coding/projects/web developer/Laravel/tavv.sa/vendor/laravel/framework/src/Illuminate/Foundation/Application.php(341): Illuminate/Foundation/Bootstrap/BootProviders->bootstrap(Object(Illuminate/Foundation/Application))
#32 D:/coding/projects/web developer/Laravel/tavv.sa/vendor/laravel/framework/src/Illuminate/Foundation/Console/Kernel.php(473): Illuminate/Foundation/Application->bootstrapWith(Array)
#33 D:/coding/projects/web developer/Laravel/tavv.sa/vendor/laravel/framework/src/Illuminate/Foundation/Console/Kernel.php(195): Illuminate/Foundation/Console/Kernel->bootstrap()
#34 D:/coding/projects/web developer/Laravel/tavv.sa/vendor/laravel/framework/src/Illuminate/Foundation/Application.php(1234): Illuminate/Foundation/Console/Kernel->handle(Object(Symfony/Component/Console/Input/ArgvInput), Object(Symfony/Component/Console/Output/ConsoleOutput))
#35 D:/coding/projects/web developer/Laravel/tavv.sa/artisan(16): Illuminate/Foundation/Application->handleCommand(Object(Symfony/Component/Console/Input/ArgvInput))
#36 {main}
"} 
[2026-07-28 15:53:01] production.ERROR: SQLSTATE[HY000] [1049] Unknown database 'lv' (Connection: mysql, SQL: select exists (select 1 from information_schema.tables where table_schema = schema() and table_name = 'settings' and table_type in ('BASE TABLE', 'SYSTEM VERSIONED')) as `exists`) {"exception":"[object] (Illuminate\\Database\\QueryException(code: 1049): SQLSTATE[HY000] [1049] Unknown database 'lv' (Connection: mysql, SQL: select exists (select 1 from information_schema.tables where table_schema = schema() and table_name = 'settings' and table_type in ('BASE TABLE', 'SYSTEM VERSIONED')) as `exists`) at D:/coding/projects/web developer/Laravel/tavv.sa/vendor/laravel/framework/src/Illuminate/Database/Connection.php:822)
[stacktrace]
#0 D:/coding/projects/web developer/Laravel/tavv.sa/vendor/laravel/framework/src/Illuminate/Database/Connection.php(776): Illuminate/Database/Connection->runQueryCallback('select exists (...', Array, Object(Closure))
#1 D:/coding/projects/web developer/Laravel/tavv.sa/vendor/laravel/framework/src/Illuminate/Database/Connection.php(395): Illuminate/Database/Connection->run('select exists (...', Array, Object(Closure))
#2 D:/coding/projects/web developer/Laravel/tavv.sa/vendor/laravel/framework/src/Illuminate/Database/Connection.php(341): Illuminate/Database/Connection->select('select exists (...', Array, true)
#3 D:/coding/projects/web developer/Laravel/tavv.sa/vendor/laravel/framework/src/Illuminate/Database/Connection.php(358): Illuminate/Database/Connection->selectOne('select exists (...', Array, true)
#4 D:/coding/projects/web developer/Laravel/tavv.sa/vendor/laravel/framework/src/Illuminate/Database/Schema/Builder.php(174): Illuminate/Database/Connection->scalar('select exists (...')
#5 D:/coding/projects/web developer/Laravel/tavv.sa/vendor/laravel/framework/src/Illuminate/Support/Facades/Facade.php(361): Illuminate/Database/Schema/Builder->hasTable('settings')
#6 D:/coding/projects/web developer/Laravel/tavv.sa/platform/packages/corbital/laravel-settings/src/Helpers/SettingsHelper.php(36): Illuminate/Support/Facades/Facade::__callStatic('hasTable', Array)
#7 D:/coding/projects/web developer/Laravel/tavv.sa/platform/packages/corbital/laravel-settings/src/Helpers/SettingsHelper.php(197): get_settings_by_group('email')
#8 D:/coding/projects/web developer/Laravel/tavv.sa/app/Services/MailService.php(41): get_setting('email.smtp_pass...')
#9 D:/coding/projects/web developer/Laravel/tavv.sa/app/Providers/AppServiceProvider.php(120): App/Services/MailService->setMailConfig()
#10 D:/coding/projects/web developer/Laravel/tavv.sa/app/Providers/AppServiceProvider.php(73): App/Providers/AppServiceProvider->configureMailService()
#11 D:/coding/projects/web developer/Laravel/tavv.sa/vendor/laravel/framework/src/Illuminate/Container/BoundMethod.php(36): App/Providers/AppServiceProvider->boot()
#12 D:/coding/projects/web developer/Laravel/tavv.sa/vendor/laravel/framework/src/Illuminate/Container/Util.php(43): Illuminate/Container/BoundMethod::{closure:Illuminate/Container/BoundMethod::call():35}()
#13 D:/coding/projects/web developer/Laravel/tavv.sa/vendor/laravel/framework/src/Illuminate/Container/BoundMethod.php(96): Illuminate/Container/Util::unwrapIfClosure(Object(Closure))
#14 D:/coding/projects/web developer/Laravel/tavv.sa/vendor/laravel/framework/src/Illuminate/Container/BoundMethod.php(35): Illuminate/Container/BoundMethod::callBoundMethod(Object(Illuminate/Foundation/Application), Array, Object(Closure))
#15 D:/coding/projects/web developer/Laravel/tavv.sa/vendor/laravel/framework/src/Illuminate/Container/Container.php(754): Illuminate/Container/BoundMethod::call(Object(Illuminate/Foundation/Application), Array, Array, NULL)
#16 D:/coding/projects/web developer/Laravel/tavv.sa/vendor/laravel/framework/src/Illuminate/Foundation/Application.php(1150): Illuminate/Container/Container->call(Array)
#17 D:/coding/projects/web developer/Laravel/tavv.sa/vendor/laravel/framework/src/Illuminate/Foundation/Application.php(1131): Illuminate/Foundation/Application->bootProvider(Object(App/Providers/AppServiceProvider))
#18 [internal function]: Illuminate/Foundation/Application->{closure:Illuminate/Foundation/Application::boot():1130}(Object(App/Providers/AppServiceProvider), 'App//Providers//A...')
#19 D:/coding/projects/web developer/Laravel/tavv.sa/vendor/laravel/framework/src/Illuminate/Foundation/Application.php(1130): array_walk(Array, Object(Closure))
#20 D:/coding/projects/web developer/Laravel/tavv.sa/vendor/laravel/framework/src/Illuminate/Foundation/Bootstrap/BootProviders.php(17): Illuminate/Foundation/Application->boot()
#21 D:/coding/projects/web developer/Laravel/tavv.sa/vendor/laravel/framework/src/Illuminate/Foundation/Application.php(341): Illuminate/Foundation/Bootstrap/BootProviders->bootstrap(Object(Illuminate/Foundation/Application))
#22 D:/coding/projects/web developer/Laravel/tavv.sa/vendor/laravel/framework/src/Illuminate/Foundation/Console/Kernel.php(473): Illuminate/Foundation/Application->bootstrapWith(Array)
#23 D:/coding/projects/web developer/Laravel/tavv.sa/vendor/laravel/framework/src/Illuminate/Foundation/Console/Kernel.php(195): Illuminate/Foundation/Console/Kernel->bootstrap()
#24 D:/coding/projects/web developer/Laravel/tavv.sa/vendor/laravel/framework/src/Illuminate/Foundation/Application.php(1234): Illuminate/Foundation/Console/Kernel->handle(Object(Symfony/Component/Console/Input/ArgvInput), Object(Symfony/Component/Console/Output/ConsoleOutput))
#25 D:/coding/projects/web developer/Laravel/tavv.sa/artisan(16): Illuminate/Foundation/Application->handleCommand(Object(Symfony/Component/Console/Input/ArgvInput))
#26 {main}

[previous exception] [object] (PDOException(code: 1049): SQLSTATE[HY000] [1049] Unknown database 'lv' at D:/coding/projects/web developer/Laravel/tavv.sa/vendor/laravel/framework/src/Illuminate/Database/Connectors/Connector.php:67)
[stacktrace]
#0 D:/coding/projects/web developer/Laravel/tavv.sa/vendor/laravel/framework/src/Illuminate/Database/Connectors/Connector.php(67): PDO::connect('mysql:host=127....', 'root', Object(SensitiveParameterValue), Array)
#1 D:/coding/projects/web developer/Laravel/tavv.sa/vendor/laravel/framework/src/Illuminate/Database/Connectors/Connector.php(44): Illuminate/Database/Connectors/Connector->createPdoConnection('mysql:host=127....', 'root', Object(SensitiveParameterValue), Array)
#2 D:/coding/projects/web developer/Laravel/tavv.sa/vendor/laravel/framework/src/Illuminate/Database/Connectors/MySqlConnector.php(24): Illuminate/Database/Connectors/Connector->createConnection('mysql:host=127....', Array, Array)
#3 D:/coding/projects/web developer/Laravel/tavv.sa/vendor/laravel/framework/src/Illuminate/Database/Connectors/ConnectionFactory.php(184): Illuminate/Database/Connectors/MySqlConnector->connect(Array)
#4 [internal function]: Illuminate/Database/Connectors/ConnectionFactory->{closure:Illuminate/Database/Connectors/ConnectionFactory::createPdoResolverWithHosts():179}()
#5 D:/coding/projects/web developer/Laravel/tavv.sa/vendor/laravel/framework/src/Illuminate/Database/Connection.php(1228): call_user_func(Object(Closure))
#6 D:/coding/projects/web developer/Laravel/tavv.sa/vendor/laravel/framework/src/Illuminate/Database/Connection.php(1264): Illuminate/Database/Connection->getPdo()
#7 D:/coding/projects/web developer/Laravel/tavv.sa/vendor/laravel/framework/src/Illuminate/Database/Connection.php(509): Illuminate/Database/Connection->getReadPdo()
#8 D:/coding/projects/web developer/Laravel/tavv.sa/vendor/laravel/framework/src/Illuminate/Database/Connection.php(404): Illuminate/Database/Connection->getPdoForSelect(true)
#9 D:/coding/projects/web developer/Laravel/tavv.sa/vendor/laravel/framework/src/Illuminate/Database/Connection.php(809): Illuminate/Database/Connection->{closure:Illuminate/Database/Connection::select():395}('select exists (...', Array)
#10 D:/coding/projects/web developer/Laravel/tavv.sa/vendor/laravel/framework/src/Illuminate/Database/Connection.php(776): Illuminate/Database/Connection->runQueryCallback('select exists (...', Array, Object(Closure))
#11 D:/coding/projects/web developer/Laravel/tavv.sa/vendor/laravel/framework/src/Illuminate/Database/Connection.php(395): Illuminate/Database/Connection->run('select exists (...', Array, Object(Closure))
#12 D:/coding/projects/web developer/Laravel/tavv.sa/vendor/laravel/framework/src/Illuminate/Database/Connection.php(341): Illuminate/Database/Connection->select('select exists (...', Array, true)
#13 D:/coding/projects/web developer/Laravel/tavv.sa/vendor/laravel/framework/src/Illuminate/Database/Connection.php(358): Illuminate/Database/Connection->selectOne('select exists (...', Array, true)
#14 D:/coding/projects/web developer/Laravel/tavv.sa/vendor/laravel/framework/src/Illuminate/Database/Schema/Builder.php(174): Illuminate/Database/Connection->scalar('select exists (...')
#15 D:/coding/projects/web developer/Laravel/tavv.sa/vendor/laravel/framework/src/Illuminate/Support/Facades/Facade.php(361): Illuminate/Database/Schema/Builder->hasTable('settings')
#16 D:/coding/projects/web developer/Laravel/tavv.sa/platform/packages/corbital/laravel-settings/src/Helpers/SettingsHelper.php(36): Illuminate/Support/Facades/Facade::__callStatic('hasTable', Array)
#17 D:/coding/projects/web developer/Laravel/tavv.sa/platform/packages/corbital/laravel-settings/src/Helpers/SettingsHelper.php(197): get_settings_by_group('email')
#18 D:/coding/projects/web developer/Laravel/tavv.sa/app/Services/MailService.php(41): get_setting('email.smtp_pass...')
#19 D:/coding/projects/web developer/Laravel/tavv.sa/app/Providers/AppServiceProvider.php(120): App/Services/MailService->setMailConfig()
#20 D:/coding/projects/web developer/Laravel/tavv.sa/app/Providers/AppServiceProvider.php(73): App/Providers/AppServiceProvider->configureMailService()
#21 D:/coding/projects/web developer/Laravel/tavv.sa/vendor/laravel/framework/src/Illuminate/Container/BoundMethod.php(36): App/Providers/AppServiceProvider->boot()
#22 D:/coding/projects/web developer/Laravel/tavv.sa/vendor/laravel/framework/src/Illuminate/Container/Util.php(43): Illuminate/Container/BoundMethod::{closure:Illuminate/Container/BoundMethod::call():35}()
#23 D:/coding/projects/web developer/Laravel/tavv.sa/vendor/laravel/framework/src/Illuminate/Container/BoundMethod.php(96): Illuminate/Container/Util::unwrapIfClosure(Object(Closure))
#24 D:/coding/projects/web developer/Laravel/tavv.sa/vendor/laravel/framework/src/Illuminate/Container/BoundMethod.php(35): Illuminate/Container/BoundMethod::callBoundMethod(Object(Illuminate/Foundation/Application), Array, Object(Closure))
#25 D:/coding/projects/web developer/Laravel/tavv.sa/vendor/laravel/framework/src/Illuminate/Container/Container.php(754): Illuminate/Container/BoundMethod::call(Object(Illuminate/Foundation/Application), Array, Array, NULL)
#26 D:/coding/projects/web developer/Laravel/tavv.sa/vendor/laravel/framework/src/Illuminate/Foundation/Application.php(1150): Illuminate/Container/Container->call(Array)
#27 D:/coding/projects/web developer/Laravel/tavv.sa/vendor/laravel/framework/src/Illuminate/Foundation/Application.php(1131): Illuminate/Foundation/Application->bootProvider(Object(App/Providers/AppServiceProvider))
#28 [internal function]: Illuminate/Foundation/Application->{closure:Illuminate/Foundation/Application::boot():1130}(Object(App/Providers/AppServiceProvider), 'App//Providers//A...')
#29 D:/coding/projects/web developer/Laravel/tavv.sa/vendor/laravel/framework/src/Illuminate/Foundation/Application.php(1130): array_walk(Array, Object(Closure))
#30 D:/coding/projects/web developer/Laravel/tavv.sa/vendor/laravel/framework/src/Illuminate/Foundation/Bootstrap/BootProviders.php(17): Illuminate/Foundation/Application->boot()
#31 D:/coding/projects/web developer/Laravel/tavv.sa/vendor/laravel/framework/src/Illuminate/Foundation/Application.php(341): Illuminate/Foundation/Bootstrap/BootProviders->bootstrap(Object(Illuminate/Foundation/Application))
#32 D:/coding/projects/web developer/Laravel/tavv.sa/vendor/laravel/framework/src/Illuminate/Foundation/Console/Kernel.php(473): Illuminate/Foundation/Application->bootstrapWith(Array)
#33 D:/coding/projects/web developer/Laravel/tavv.sa/vendor/laravel/framework/src/Illuminate/Foundation/Console/Kernel.php(195): Illuminate/Foundation/Console/Kernel->bootstrap()
#34 D:/coding/projects/web developer/Laravel/tavv.sa/vendor/laravel/framework/src/Illuminate/Foundation/Application.php(1234): Illuminate/Foundation/Console/Kernel->handle(Object(Symfony/Component/Console/Input/ArgvInput), Object(Symfony/Component/Console/Output/ConsoleOutput))
#35 D:/coding/projects/web developer/Laravel/tavv.sa/artisan(16): Illuminate/Foundation/Application->handleCommand(Object(Symfony/Component/Console/Input/ArgvInput))
#36 {main}
"} 
[2026-07-28 15:53:01] production.ERROR: SQLSTATE[HY000] [1049] Unknown database 'lv' (Connection: mysql, SQL: select exists (select 1 from information_schema.tables where table_schema = schema() and table_name = 'settings' and table_type in ('BASE TABLE', 'SYSTEM VERSIONED')) as `exists`) {"exception":"[object] (Illuminate\\Database\\QueryException(code: 1049): SQLSTATE[HY000] [1049] Unknown database 'lv' (Connection: mysql, SQL: select exists (select 1 from information_schema.tables where table_schema = schema() and table_name = 'settings' and table_type in ('BASE TABLE', 'SYSTEM VERSIONED')) as `exists`) at D:/coding/projects/web developer/Laravel/tavv.sa/vendor/laravel/framework/src/Illuminate/Database/Connection.php:822)
[stacktrace]
#0 D:/coding/projects/web developer/Laravel/tavv.sa/vendor/laravel/framework/src/Illuminate/Database/Connection.php(776): Illuminate/Database/Connection->runQueryCallback('select exists (...', Array, Object(Closure))
#1 D:/coding/projects/web developer/Laravel/tavv.sa/vendor/laravel/framework/src/Illuminate/Database/Connection.php(395): Illuminate/Database/Connection->run('select exists (...', Array, Object(Closure))
#2 D:/coding/projects/web developer/Laravel/tavv.sa/vendor/laravel/framework/src/Illuminate/Database/Connection.php(341): Illuminate/Database/Connection->select('select exists (...', Array, true)
#3 D:/coding/projects/web developer/Laravel/tavv.sa/vendor/laravel/framework/src/Illuminate/Database/Connection.php(358): Illuminate/Database/Connection->selectOne('select exists (...', Array, true)
#4 D:/coding/projects/web developer/Laravel/tavv.sa/vendor/laravel/framework/src/Illuminate/Database/Schema/Builder.php(174): Illuminate/Database/Connection->scalar('select exists (...')
#5 D:/coding/projects/web developer/Laravel/tavv.sa/vendor/laravel/framework/src/Illuminate/Support/Facades/Facade.php(361): Illuminate/Database/Schema/Builder->hasTable('settings')
#6 D:/coding/projects/web developer/Laravel/tavv.sa/platform/packages/corbital/laravel-settings/src/Helpers/SettingsHelper.php(36): Illuminate/Support/Facades/Facade::__callStatic('hasTable', Array)
#7 D:/coding/projects/web developer/Laravel/tavv.sa/platform/packages/corbital/laravel-settings/src/Helpers/SettingsHelper.php(197): get_settings_by_group('email')
#8 D:/coding/projects/web developer/Laravel/tavv.sa/app/Services/MailService.php(42): get_setting('email.mailer', 'smtp')
#9 D:/coding/projects/web developer/Laravel/tavv.sa/app/Providers/AppServiceProvider.php(120): App/Services/MailService->setMailConfig()
#10 D:/coding/projects/web developer/Laravel/tavv.sa/app/Providers/AppServiceProvider.php(73): App/Providers/AppServiceProvider->configureMailService()
#11 D:/coding/projects/web developer/Laravel/tavv.sa/vendor/laravel/framework/src/Illuminate/Container/BoundMethod.php(36): App/Providers/AppServiceProvider->boot()
#12 D:/coding/projects/web developer/Laravel/tavv.sa/vendor/laravel/framework/src/Illuminate/Container/Util.php(43): Illuminate/Container/BoundMethod::{closure:Illuminate/Container/BoundMethod::call():35}()
#13 D:/coding/projects/web developer/Laravel/tavv.sa/vendor/laravel/framework/src/Illuminate/Container/BoundMethod.php(96): Illuminate/Container/Util::unwrapIfClosure(Object(Closure))
#14 D:/coding/projects/web developer/Laravel/tavv.sa/vendor/laravel/framework/src/Illuminate/Container/BoundMethod.php(35): Illuminate/Container/BoundMethod::callBoundMethod(Object(Illuminate/Foundation/Application), Array, Object(Closure))
#15 D:/coding/projects/web developer/Laravel/tavv.sa/vendor/laravel/framework/src/Illuminate/Container/Container.php(754): Illuminate/Container/BoundMethod::call(Object(Illuminate/Foundation/Application), Array, Array, NULL)
#16 D:/coding/projects/web developer/Laravel/tavv.sa/vendor/laravel/framework/src/Illuminate/Foundation/Application.php(1150): Illuminate/Container/Container->call(Array)
#17 D:/coding/projects/web developer/Laravel/tavv.sa/vendor/laravel/framework/src/Illuminate/Foundation/Application.php(1131): Illuminate/Foundation/Application->bootProvider(Object(App/Providers/AppServiceProvider))
#18 [internal function]: Illuminate/Foundation/Application->{closure:Illuminate/Foundation/Application::boot():1130}(Object(App/Providers/AppServiceProvider), 'App//Providers//A...')
#19 D:/coding/projects/web developer/Laravel/tavv.sa/vendor/laravel/framework/src/Illuminate/Foundation/Application.php(1130): array_walk(Array, Object(Closure))
#20 D:/coding/projects/web developer/Laravel/tavv.sa/vendor/laravel/framework/src/Illuminate/Foundation/Bootstrap/BootProviders.php(17): Illuminate/Foundation/Application->boot()
#21 D:/coding/projects/web developer/Laravel/tavv.sa/vendor/laravel/framework/src/Illuminate/Foundation/Application.php(341): Illuminate/Foundation/Bootstrap/BootProviders->bootstrap(Object(Illuminate/Foundation/Application))
#22 D:/coding/projects/web developer/Laravel/tavv.sa/vendor/laravel/framework/src/Illuminate/Foundation/Console/Kernel.php(473): Illuminate/Foundation/Application->bootstrapWith(Array)
#23 D:/coding/projects/web developer/Laravel/tavv.sa/vendor/laravel/framework/src/Illuminate/Foundation/Console/Kernel.php(195): Illuminate/Foundation/Console/Kernel->bootstrap()
#24 D:/coding/projects/web developer/Laravel/tavv.sa/vendor/laravel/framework/src/Illuminate/Foundation/Application.php(1234): Illuminate/Foundation/Console/Kernel->handle(Object(Symfony/Component/Console/Input/ArgvInput), Object(Symfony/Component/Console/Output/ConsoleOutput))
#25 D:/coding/projects/web developer/Laravel/tavv.sa/artisan(16): Illuminate/Foundation/Application->handleCommand(Object(Symfony/Component/Console/Input/ArgvInput))
#26 {main}

[previous exception] [object] (PDOException(code: 1049): SQLSTATE[HY000] [1049] Unknown database 'lv' at D:/coding/projects/web developer/Laravel/tavv.sa/vendor/laravel/framework/src/Illuminate/Database/Connectors/Connector.php:67)
[stacktrace]
#0 D:/coding/projects/web developer/Laravel/tavv.sa/vendor/laravel/framework/src/Illuminate/Database/Connectors/Connector.php(67): PDO::connect('mysql:host=127....', 'root', Object(SensitiveParameterValue), Array)
#1 D:/coding/projects/web developer/Laravel/tavv.sa/vendor/laravel/framework/src/Illuminate/Database/Connectors/Connector.php(44): Illuminate/Database/Connectors/Connector->createPdoConnection('mysql:host=127....', 'root', Object(SensitiveParameterValue), Array)
#2 D:/coding/projects/web developer/Laravel/tavv.sa/vendor/laravel/framework/src/Illuminate/Database/Connectors/MySqlConnector.php(24): Illuminate/Database/Connectors/Connector->createConnection('mysql:host=127....', Array, Array)
#3 D:/coding/projects/web developer/Laravel/tavv.sa/vendor/laravel/framework/src/Illuminate/Database/Connectors/ConnectionFactory.php(184): Illuminate/Database/Connectors/MySqlConnector->connect(Array)
#4 [internal function]: Illuminate/Database/Connectors/ConnectionFactory->{closure:Illuminate/Database/Connectors/ConnectionFactory::createPdoResolverWithHosts():179}()
#5 D:/coding/projects/web developer/Laravel/tavv.sa/vendor/laravel/framework/src/Illuminate/Database/Connection.php(1228): call_user_func(Object(Closure))
#6 D:/coding/projects/web developer/Laravel/tavv.sa/vendor/laravel/framework/src/Illuminate/Database/Connection.php(1264): Illuminate/Database/Connection->getPdo()
#7 D:/coding/projects/web developer/Laravel/tavv.sa/vendor/laravel/framework/src/Illuminate/Database/Connection.php(509): Illuminate/Database/Connection->getReadPdo()
#8 D:/coding/projects/web developer/Laravel/tavv.sa/vendor/laravel/framework/src/Illuminate/Database/Connection.php(404): Illuminate/Database/Connection->getPdoForSelect(true)
#9 D:/coding/projects/web developer/Laravel/tavv.sa/vendor/laravel/framework/src/Illuminate/Database/Connection.php(809): Illuminate/Database/Connection->{closure:Illuminate/Database/Connection::select():395}('select exists (...', Array)
#10 D:/coding/projects/web developer/Laravel/tavv.sa/vendor/laravel/framework/src/Illuminate/Database/Connection.php(776): Illuminate/Database/Connection->runQueryCallback('select exists (...', Array, Object(Closure))
#11 D:/coding/projects/web developer/Laravel/tavv.sa/vendor/laravel/framework/src/Illuminate/Database/Connection.php(395): Illuminate/Database/Connection->run('select exists (...', Array, Object(Closure))
#12 D:/coding/projects/web developer/Laravel/tavv.sa/vendor/laravel/framework/src/Illuminate/Database/Connection.php(341): Illuminate/Database/Connection->select('select exists (...', Array, true)
#13 D:/coding/projects/web developer/Laravel/tavv.sa/vendor/laravel/framework/src/Illuminate/Database/Connection.php(358): Illuminate/Database/Connection->selectOne('select exists (...', Array, true)
#14 D:/coding/projects/web developer/Laravel/tavv.sa/vendor/laravel/framework/src/Illuminate/Database/Schema/Builder.php(174): Illuminate/Database/Connection->scalar('select exists (...')
#15 D:/coding/projects/web developer/Laravel/tavv.sa/vendor/laravel/framework/src/Illuminate/Support/Facades/Facade.php(361): Illuminate/Database/Schema/Builder->hasTable('settings')
#16 D:/coding/projects/web developer/Laravel/tavv.sa/platform/packages/corbital/laravel-settings/src/Helpers/SettingsHelper.php(36): Illuminate/Support/Facades/Facade::__callStatic('hasTable', Array)
#17 D:/coding/projects/web developer/Laravel/tavv.sa/platform/packages/corbital/laravel-settings/src/Helpers/SettingsHelper.php(197): get_settings_by_group('email')
#18 D:/coding/projects/web developer/Laravel/tavv.sa/app/Services/MailService.php(42): get_setting('email.mailer', 'smtp')
#19 D:/coding/projects/web developer/Laravel/tavv.sa/app/Providers/AppServiceProvider.php(120): App/Services/MailService->setMailConfig()
#20 D:/coding/projects/web developer/Laravel/tavv.sa/app/Providers/AppServiceProvider.php(73): App/Providers/AppServiceProvider->configureMailService()
#21 D:/coding/projects/web developer/Laravel/tavv.sa/vendor/laravel/framework/src/Illuminate/Container/BoundMethod.php(36): App/Providers/AppServiceProvider->boot()
#22 D:/coding/projects/web developer/Laravel/tavv.sa/vendor/laravel/framework/src/Illuminate/Container/Util.php(43): Illuminate/Container/BoundMethod::{closure:Illuminate/Container/BoundMethod::call():35}()
#23 D:/coding/projects/web developer/Laravel/tavv.sa/vendor/laravel/framework/src/Illuminate/Container/BoundMethod.php(96): Illuminate/Container/Util::unwrapIfClosure(Object(Closure))
#24 D:/coding/projects/web developer/Laravel/tavv.sa/vendor/laravel/framework/src/Illuminate/Container/BoundMethod.php(35): Illuminate/Container/BoundMethod::callBoundMethod(Object(Illuminate/Foundation/Application), Array, Object(Closure))
#25 D:/coding/projects/web developer/Laravel/tavv.sa/vendor/laravel/framework/src/Illuminate/Container/Container.php(754): Illuminate/Container/BoundMethod::call(Object(Illuminate/Foundation/Application), Array, Array, NULL)
#26 D:/coding/projects/web developer/Laravel/tavv.sa/vendor/laravel/framework/src/Illuminate/Foundation/Application.php(1150): Illuminate/Container/Container->call(Array)
#27 D:/coding/projects/web developer/Laravel/tavv.sa/vendor/laravel/framework/src/Illuminate/Foundation/Application.php(1131): Illuminate/Foundation/Application->bootProvider(Object(App/Providers/AppServiceProvider))
#28 [internal function]: Illuminate/Foundation/Application->{closure:Illuminate/Foundation/Application::boot():1130}(Object(App/Providers/AppServiceProvider), 'App//Providers//A...')
#29 D:/coding/projects/web developer/Laravel/tavv.sa/vendor/laravel/framework/src/Illuminate/Foundation/Application.php(1130): array_walk(Array, Object(Closure))
#30 D:/coding/projects/web developer/Laravel/tavv.sa/vendor/laravel/framework/src/Illuminate/Foundation/Bootstrap/BootProviders.php(17): Illuminate/Foundation/Application->boot()
#31 D:/coding/projects/web developer/Laravel/tavv.sa/vendor/laravel/framework/src/Illuminate/Foundation/Application.php(341): Illuminate/Foundation/Bootstrap/BootProviders->bootstrap(Object(Illuminate/Foundation/Application))
#32 D:/coding/projects/web developer/Laravel/tavv.sa/vendor/laravel/framework/src/Illuminate/Foundation/Console/Kernel.php(473): Illuminate/Foundation/Application->bootstrapWith(Array)
#33 D:/coding/projects/web developer/Laravel/tavv.sa/vendor/laravel/framework/src/Illuminate/Foundation/Console/Kernel.php(195): Illuminate/Foundation/Console/Kernel->bootstrap()
#34 D:/coding/projects/web developer/Laravel/tavv.sa/vendor/laravel/framework/src/Illuminate/Foundation/Application.php(1234): Illuminate/Foundation/Console/Kernel->handle(Object(Symfony/Component/Console/Input/ArgvInput), Object(Symfony/Component/Console/Output/ConsoleOutput))
#35 D:/coding/projects/web developer/Laravel/tavv.sa/artisan(16): Illuminate/Foundation/Application->handleCommand(Object(Symfony/Component/Console/Input/ArgvInput))
#36 {main}
"} 
[2026-07-28 15:53:01] production.ERROR: SQLSTATE[HY000] [1049] Unknown database 'lv' (Connection: mysql, SQL: select exists (select 1 from information_schema.tables where table_schema = schema() and table_name = 'settings' and table_type in ('BASE TABLE', 'SYSTEM VERSIONED')) as `exists`) {"exception":"[object] (Illuminate\\Database\\QueryException(code: 1049): SQLSTATE[HY000] [1049] Unknown database 'lv' (Connection: mysql, SQL: select exists (select 1 from information_schema.tables where table_schema = schema() and table_name = 'settings' and table_type in ('BASE TABLE', 'SYSTEM VERSIONED')) as `exists`) at D:/coding/projects/web developer/Laravel/tavv.sa/vendor/laravel/framework/src/Illuminate/Database/Connection.php:822)
[stacktrace]
#0 D:/coding/projects/web developer/Laravel/tavv.sa/vendor/laravel/framework/src/Illuminate/Database/Connection.php(776): Illuminate/Database/Connection->runQueryCallback('select exists (...', Array, Object(Closure))
#1 D:/coding/projects/web developer/Laravel/tavv.sa/vendor/laravel/framework/src/Illuminate/Database/Connection.php(395): Illuminate/Database/Connection->run('select exists (...', Array, Object(Closure))
#2 D:/coding/projects/web developer/Laravel/tavv.sa/vendor/laravel/framework/src/Illuminate/Database/Connection.php(341): Illuminate/Database/Connection->select('select exists (...', Array, true)
#3 D:/coding/projects/web developer/Laravel/tavv.sa/vendor/laravel/framework/src/Illuminate/Database/Connection.php(358): Illuminate/Database/Connection->selectOne('select exists (...', Array, true)
#4 D:/coding/projects/web developer/Laravel/tavv.sa/vendor/laravel/framework/src/Illuminate/Database/Schema/Builder.php(174): Illuminate/Database/Connection->scalar('select exists (...')
#5 D:/coding/projects/web developer/Laravel/tavv.sa/vendor/laravel/framework/src/Illuminate/Support/Facades/Facade.php(361): Illuminate/Database/Schema/Builder->hasTable('settings')
#6 D:/coding/projects/web developer/Laravel/tavv.sa/platform/packages/corbital/laravel-settings/src/Helpers/SettingsHelper.php(36): Illuminate/Support/Facades/Facade::__callStatic('hasTable', Array)
#7 D:/coding/projects/web developer/Laravel/tavv.sa/platform/packages/corbital/laravel-settings/src/Helpers/SettingsHelper.php(197): get_settings_by_group('email')
#8 D:/coding/projects/web developer/Laravel/tavv.sa/app/Services/MailService.php(43): get_setting('email.smtp_port', 587)
#9 D:/coding/projects/web developer/Laravel/tavv.sa/app/Providers/AppServiceProvider.php(120): App/Services/MailService->setMailConfig()
#10 D:/coding/projects/web developer/Laravel/tavv.sa/app/Providers/AppServiceProvider.php(73): App/Providers/AppServiceProvider->configureMailService()
#11 D:/coding/projects/web developer/Laravel/tavv.sa/vendor/laravel/framework/src/Illuminate/Container/BoundMethod.php(36): App/Providers/AppServiceProvider->boot()
#12 D:/coding/projects/web developer/Laravel/tavv.sa/vendor/laravel/framework/src/Illuminate/Container/Util.php(43): Illuminate/Container/BoundMethod::{closure:Illuminate/Container/BoundMethod::call():35}()
#13 D:/coding/projects/web developer/Laravel/tavv.sa/vendor/laravel/framework/src/Illuminate/Container/BoundMethod.php(96): Illuminate/Container/Util::unwrapIfClosure(Object(Closure))
#14 D:/coding/projects/web developer/Laravel/tavv.sa/vendor/laravel/framework/src/Illuminate/Container/BoundMethod.php(35): Illuminate/Container/BoundMethod::callBoundMethod(Object(Illuminate/Foundation/Application), Array, Object(Closure))
#15 D:/coding/projects/web developer/Laravel/tavv.sa/vendor/laravel/framework/src/Illuminate/Container/Container.php(754): Illuminate/Container/BoundMethod::call(Object(Illuminate/Foundation/Application), Array, Array, NULL)
#16 D:/coding/projects/web developer/Laravel/tavv.sa/vendor/laravel/framework/src/Illuminate/Foundation/Application.php(1150): Illuminate/Container/Container->call(Array)
#17 D:/coding/projects/web developer/Laravel/tavv.sa/vendor/laravel/framework/src/Illuminate/Foundation/Application.php(1131): Illuminate/Foundation/Application->bootProvider(Object(App/Providers/AppServiceProvider))
#18 [internal function]: Illuminate/Foundation/Application->{closure:Illuminate/Foundation/Application::boot():1130}(Object(App/Providers/AppServiceProvider), 'App//Providers//A...')
#19 D:/coding/projects/web developer/Laravel/tavv.sa/vendor/laravel/framework/src/Illuminate/Foundation/Application.php(1130): array_walk(Array, Object(Closure))
#20 D:/coding/projects/web developer/Laravel/tavv.sa/vendor/laravel/framework/src/Illuminate/Foundation/Bootstrap/BootProviders.php(17): Illuminate/Foundation/Application->boot()
#21 D:/coding/projects/web developer/Laravel/tavv.sa/vendor/laravel/framework/src/Illuminate/Foundation/Application.php(341): Illuminate/Foundation/Bootstrap/BootProviders->bootstrap(Object(Illuminate/Foundation/Application))
#22 D:/coding/projects/web developer/Laravel/tavv.sa/vendor/laravel/framework/src/Illuminate/Foundation/Console/Kernel.php(473): Illuminate/Foundation/Application->bootstrapWith(Array)
#23 D:/coding/projects/web developer/Laravel/tavv.sa/vendor/laravel/framework/src/Illuminate/Foundation/Console/Kernel.php(195): Illuminate/Foundation/Console/Kernel->bootstrap()
#24 D:/coding/projects/web developer/Laravel/tavv.sa/vendor/laravel/framework/src/Illuminate/Foundation/Application.php(1234): Illuminate/Foundation/Console/Kernel->handle(Object(Symfony/Component/Console/Input/ArgvInput), Object(Symfony/Component/Console/Output/ConsoleOutput))
#25 D:/coding/projects/web developer/Laravel/tavv.sa/artisan(16): Illuminate/Foundation/Application->handleCommand(Object(Symfony/Component/Console/Input/ArgvInput))
#26 {main}

[previous exception] [object] (PDOException(code: 1049): SQLSTATE[HY000] [1049] Unknown database 'lv' at D:/coding/projects/web developer/Laravel/tavv.sa/vendor/laravel/framework/src/Illuminate/Database/Connectors/Connector.php:67)
[stacktrace]
#0 D:/coding/projects/web developer/Laravel/tavv.sa/vendor/laravel/framework/src/Illuminate/Database/Connectors/Connector.php(67): PDO::connect('mysql:host=127....', 'root', Object(SensitiveParameterValue), Array)
#1 D:/coding/projects/web developer/Laravel/tavv.sa/vendor/laravel/framework/src/Illuminate/Database/Connectors/Connector.php(44): Illuminate/Database/Connectors/Connector->createPdoConnection('mysql:host=127....', 'root', Object(SensitiveParameterValue), Array)
#2 D:/coding/projects/web developer/Laravel/tavv.sa/vendor/laravel/framework/src/Illuminate/Database/Connectors/MySqlConnector.php(24): Illuminate/Database/Connectors/Connector->createConnection('mysql:host=127....', Array, Array)
#3 D:/coding/projects/web developer/Laravel/tavv.sa/vendor/laravel/framework/src/Illuminate/Database/Connectors/ConnectionFactory.php(184): Illuminate/Database/Connectors/MySqlConnector->connect(Array)
#4 [internal function]: Illuminate/Database/Connectors/ConnectionFactory->{closure:Illuminate/Database/Connectors/ConnectionFactory::createPdoResolverWithHosts():179}()
#5 D:/coding/projects/web developer/Laravel/tavv.sa/vendor/laravel/framework/src/Illuminate/Database/Connection.php(1228): call_user_func(Object(Closure))
#6 D:/coding/projects/web developer/Laravel/tavv.sa/vendor/laravel/framework/src/Illuminate/Database/Connection.php(1264): Illuminate/Database/Connection->getPdo()
#7 D:/coding/projects/web developer/Laravel/tavv.sa/vendor/laravel/framework/src/Illuminate/Database/Connection.php(509): Illuminate/Database/Connection->getReadPdo()
#8 D:/coding/projects/web developer/Laravel/tavv.sa/vendor/laravel/framework/src/Illuminate/Database/Connection.php(404): Illuminate/Database/Connection->getPdoForSelect(true)
#9 D:/coding/projects/web developer/Laravel/tavv.sa/vendor/laravel/framework/src/Illuminate/Database/Connection.php(809): Illuminate/Database/Connection->{closure:Illuminate/Database/Connection::select():395}('select exists (...', Array)
#10 D:/coding/projects/web developer/Laravel/tavv.sa/vendor/laravel/framework/src/Illuminate/Database/Connection.php(776): Illuminate/Database/Connection->runQueryCallback('select exists (...', Array, Object(Closure))
#11 D:/coding/projects/web developer/Laravel/tavv.sa/vendor/laravel/framework/src/Illuminate/Database/Connection.php(395): Illuminate/Database/Connection->run('select exists (...', Array, Object(Closure))
#12 D:/coding/projects/web developer/Laravel/tavv.sa/vendor/laravel/framework/src/Illuminate/Database/Connection.php(341): Illuminate/Database/Connection->select('select exists (...', Array, true)
#13 D:/coding/projects/web developer/Laravel/tavv.sa/vendor/laravel/framework/src/Illuminate/Database/Connection.php(358): Illuminate/Database/Connection->selectOne('select exists (...', Array, true)
#14 D:/coding/projects/web developer/Laravel/tavv.sa/vendor/laravel/framework/src/Illuminate/Database/Schema/Builder.php(174): Illuminate/Database/Connection->scalar('select exists (...')
#15 D:/coding/projects/web developer/Laravel/tavv.sa/vendor/laravel/framework/src/Illuminate/Support/Facades/Facade.php(361): Illuminate/Database/Schema/Builder->hasTable('settings')
#16 D:/coding/projects/web developer/Laravel/tavv.sa/platform/packages/corbital/laravel-settings/src/Helpers/SettingsHelper.php(36): Illuminate/Support/Facades/Facade::__callStatic('hasTable', Array)
#17 D:/coding/projects/web developer/Laravel/tavv.sa/platform/packages/corbital/laravel-settings/src/Helpers/SettingsHelper.php(197): get_settings_by_group('email')
#18 D:/coding/projects/web developer/Laravel/tavv.sa/app/Services/MailService.php(43): get_setting('email.smtp_port', 587)
#19 D:/coding/projects/web developer/Laravel/tavv.sa/app/Providers/AppServiceProvider.php(120): App/Services/MailService->setMailConfig()
#20 D:/coding/projects/web developer/Laravel/tavv.sa/app/Providers/AppServiceProvider.php(73): App/Providers/AppServiceProvider->configureMailService()
#21 D:/coding/projects/web developer/Laravel/tavv.sa/vendor/laravel/framework/src/Illuminate/Container/BoundMethod.php(36): App/Providers/AppServiceProvider->boot()
#22 D:/coding/projects/web developer/Laravel/tavv.sa/vendor/laravel/framework/src/Illuminate/Container/Util.php(43): Illuminate/Container/BoundMethod::{closure:Illuminate/Container/BoundMethod::call():35}()
#23 D:/coding/projects/web developer/Laravel/tavv.sa/vendor/laravel/framework/src/Illuminate/Container/BoundMethod.php(96): Illuminate/Container/Util::unwrapIfClosure(Object(Closure))
#24 D:/coding/projects/web developer/Laravel/tavv.sa/vendor/laravel/framework/src/Illuminate/Container/BoundMethod.php(35): Illuminate/Container/BoundMethod::callBoundMethod(Object(Illuminate/Foundation/Application), Array, Object(Closure))
#25 D:/coding/projects/web developer/Laravel/tavv.sa/vendor/laravel/framework/src/Illuminate/Container/Container.php(754): Illuminate/Container/BoundMethod::call(Object(Illuminate/Foundation/Application), Array, Array, NULL)
#26 D:/coding/projects/web developer/Laravel/tavv.sa/vendor/laravel/framework/src/Illuminate/Foundation/Application.php(1150): Illuminate/Container/Container->call(Array)
#27 D:/coding/projects/web developer/Laravel/tavv.sa/vendor/laravel/framework/src/Illuminate/Foundation/Application.php(1131): Illuminate/Foundation/Application->bootProvider(Object(App/Providers/AppServiceProvider))
#28 [internal function]: Illuminate/Foundation/Application->{closure:Illuminate/Foundation/Application::boot():1130}(Object(App/Providers/AppServiceProvider), 'App//Providers//A...')
#29 D:/coding/projects/web developer/Laravel/tavv.sa/vendor/laravel/framework/src/Illuminate/Foundation/Application.php(1130): array_walk(Array, Object(Closure))
#30 D:/coding/projects/web developer/Laravel/tavv.sa/vendor/laravel/framework/src/Illuminate/Foundation/Bootstrap/BootProviders.php(17): Illuminate/Foundation/Application->boot()
#31 D:/coding/projects/web developer/Laravel/tavv.sa/vendor/laravel/framework/src/Illuminate/Foundation/Application.php(341): Illuminate/Foundation/Bootstrap/BootProviders->bootstrap(Object(Illuminate/Foundation/Application))
#32 D:/coding/projects/web developer/Laravel/tavv.sa/vendor/laravel/framework/src/Illuminate/Foundation/Console/Kernel.php(473): Illuminate/Foundation/Application->bootstrapWith(Array)
#33 D:/coding/projects/web developer/Laravel/tavv.sa/vendor/laravel/framework/src/Illuminate/Foundation/Console/Kernel.php(195): Illuminate/Foundation/Console/Kernel->bootstrap()
#34 D:/coding/projects/web developer/Laravel/tavv.sa/vendor/laravel/framework/src/Illuminate/Foundation/Application.php(1234): Illuminate/Foundation/Console/Kernel->handle(Object(Symfony/Component/Console/Input/ArgvInput), Object(Symfony/Component/Console/Output/ConsoleOutput))
#35 D:/coding/projects/web developer/Laravel/tavv.sa/artisan(16): Illuminate/Foundation/Application->handleCommand(Object(Symfony/Component/Console/Input/ArgvInput))
#36 {main}
"} 
[2026-07-28 15:53:01] production.ERROR: SQLSTATE[HY000] [1049] Unknown database 'lv' (Connection: mysql, SQL: select exists (select 1 from information_schema.tables where table_schema = schema() and table_name = 'settings' and table_type in ('BASE TABLE', 'SYSTEM VERSIONED')) as `exists`) {"exception":"[object] (Illuminate\\Database\\QueryException(code: 1049): SQLSTATE[HY000] [1049] Unknown database 'lv' (Connection: mysql, SQL: select exists (select 1 from information_schema.tables where table_schema = schema() and table_name = 'settings' and table_type in ('BASE TABLE', 'SYSTEM VERSIONED')) as `exists`) at D:/coding/projects/web developer/Laravel/tavv.sa/vendor/laravel/framework/src/Illuminate/Database/Connection.php:822)
[stacktrace]
#0 D:/coding/projects/web developer/Laravel/tavv.sa/vendor/laravel/framework/src/Illuminate/Database/Connection.php(776): Illuminate/Database/Connection->runQueryCallback('select exists (...', Array, Object(Closure))
#1 D:/coding/projects/web developer/Laravel/tavv.sa/vendor/laravel/framework/src/Illuminate/Database/Connection.php(395): Illuminate/Database/Connection->run('select exists (...', Array, Object(Closure))
#2 D:/coding/projects/web developer/Laravel/tavv.sa/vendor/laravel/framework/src/Illuminate/Database/Connection.php(341): Illuminate/Database/Connection->select('select exists (...', Array, true)
#3 D:/coding/projects/web developer/Laravel/tavv.sa/vendor/laravel/framework/src/Illuminate/Database/Connection.php(358): Illuminate/Database/Connection->selectOne('select exists (...', Array, true)
#4 D:/coding/projects/web developer/Laravel/tavv.sa/vendor/laravel/framework/src/Illuminate/Database/Schema/Builder.php(174): Illuminate/Database/Connection->scalar('select exists (...')
#5 D:/coding/projects/web developer/Laravel/tavv.sa/vendor/laravel/framework/src/Illuminate/Support/Facades/Facade.php(361): Illuminate/Database/Schema/Builder->hasTable('settings')
#6 D:/coding/projects/web developer/Laravel/tavv.sa/platform/packages/corbital/laravel-settings/src/Helpers/SettingsHelper.php(36): Illuminate/Support/Facades/Facade::__callStatic('hasTable', Array)
#7 D:/coding/projects/web developer/Laravel/tavv.sa/platform/packages/corbital/laravel-settings/src/Helpers/SettingsHelper.php(197): get_settings_by_group('email')
#8 D:/coding/projects/web developer/Laravel/tavv.sa/app/Services/MailService.php(44): get_setting('email.smtp_encr...', 'tls')
#9 D:/coding/projects/web developer/Laravel/tavv.sa/app/Providers/AppServiceProvider.php(120): App/Services/MailService->setMailConfig()
#10 D:/coding/projects/web developer/Laravel/tavv.sa/app/Providers/AppServiceProvider.php(73): App/Providers/AppServiceProvider->configureMailService()
#11 D:/coding/projects/web developer/Laravel/tavv.sa/vendor/laravel/framework/src/Illuminate/Container/BoundMethod.php(36): App/Providers/AppServiceProvider->boot()
#12 D:/coding/projects/web developer/Laravel/tavv.sa/vendor/laravel/framework/src/Illuminate/Container/Util.php(43): Illuminate/Container/BoundMethod::{closure:Illuminate/Container/BoundMethod::call():35}()
#13 D:/coding/projects/web developer/Laravel/tavv.sa/vendor/laravel/framework/src/Illuminate/Container/BoundMethod.php(96): Illuminate/Container/Util::unwrapIfClosure(Object(Closure))
#14 D:/coding/projects/web developer/Laravel/tavv.sa/vendor/laravel/framework/src/Illuminate/Container/BoundMethod.php(35): Illuminate/Container/BoundMethod::callBoundMethod(Object(Illuminate/Foundation/Application), Array, Object(Closure))
#15 D:/coding/projects/web developer/Laravel/tavv.sa/vendor/laravel/framework/src/Illuminate/Container/Container.php(754): Illuminate/Container/BoundMethod::call(Object(Illuminate/Foundation/Application), Array, Array, NULL)
#16 D:/coding/projects/web developer/Laravel/tavv.sa/vendor/laravel/framework/src/Illuminate/Foundation/Application.php(1150): Illuminate/Container/Container->call(Array)
#17 D:/coding/projects/web developer/Laravel/tavv.sa/vendor/laravel/framework/src/Illuminate/Foundation/Application.php(1131): Illuminate/Foundation/Application->bootProvider(Object(App/Providers/AppServiceProvider))
#18 [internal function]: Illuminate/Foundation/Application->{closure:Illuminate/Foundation/Application::boot():1130}(Object(App/Providers/AppServiceProvider), 'App//Providers//A...')
#19 D:/coding/projects/web developer/Laravel/tavv.sa/vendor/laravel/framework/src/Illuminate/Foundation/Application.php(1130): array_walk(Array, Object(Closure))
#20 D:/coding/projects/web developer/Laravel/tavv.sa/vendor/laravel/framework/src/Illuminate/Foundation/Bootstrap/BootProviders.php(17): Illuminate/Foundation/Application->boot()
#21 D:/coding/projects/web developer/Laravel/tavv.sa/vendor/laravel/framework/src/Illuminate/Foundation/Application.php(341): Illuminate/Foundation/Bootstrap/BootProviders->bootstrap(Object(Illuminate/Foundation/Application))
#22 D:/coding/projects/web developer/Laravel/tavv.sa/vendor/laravel/framework/src/Illuminate/Foundation/Console/Kernel.php(473): Illuminate/Foundation/Application->bootstrapWith(Array)
#23 D:/coding/projects/web developer/Laravel/tavv.sa/vendor/laravel/framework/src/Illuminate/Foundation/Console/Kernel.php(195): Illuminate/Foundation/Console/Kernel->bootstrap()
#24 D:/coding/projects/web developer/Laravel/tavv.sa/vendor/laravel/framework/src/Illuminate/Foundation/Application.php(1234): Illuminate/Foundation/Console/Kernel->handle(Object(Symfony/Component/Console/Input/ArgvInput), Object(Symfony/Component/Console/Output/ConsoleOutput))
#25 D:/coding/projects/web developer/Laravel/tavv.sa/artisan(16): Illuminate/Foundation/Application->handleCommand(Object(Symfony/Component/Console/Input/ArgvInput))
#26 {main}

[previous exception] [object] (PDOException(code: 1049): SQLSTATE[HY000] [1049] Unknown database 'lv' at D:/coding/projects/web developer/Laravel/tavv.sa/vendor/laravel/framework/src/Illuminate/Database/Connectors/Connector.php:67)
[stacktrace]
#0 D:/coding/projects/web developer/Laravel/tavv.sa/vendor/laravel/framework/src/Illuminate/Database/Connectors/Connector.php(67): PDO::connect('mysql:host=127....', 'root', Object(SensitiveParameterValue), Array)
#1 D:/coding/projects/web developer/Laravel/tavv.sa/vendor/laravel/framework/src/Illuminate/Database/Connectors/Connector.php(44): Illuminate/Database/Connectors/Connector->createPdoConnection('mysql:host=127....', 'root', Object(SensitiveParameterValue), Array)
#2 D:/coding/projects/web developer/Laravel/tavv.sa/vendor/laravel/framework/src/Illuminate/Database/Connectors/MySqlConnector.php(24): Illuminate/Database/Connectors/Connector->createConnection('mysql:host=127....', Array, Array)
#3 D:/coding/projects/web developer/Laravel/tavv.sa/vendor/laravel/framework/src/Illuminate/Database/Connectors/ConnectionFactory.php(184): Illuminate/Database/Connectors/MySqlConnector->connect(Array)
#4 [internal function]: Illuminate/Database/Connectors/ConnectionFactory->{closure:Illuminate/Database/Connectors/ConnectionFactory::createPdoResolverWithHosts():179}()
#5 D:/coding/projects/web developer/Laravel/tavv.sa/vendor/laravel/framework/src/Illuminate/Database/Connection.php(1228): call_user_func(Object(Closure))
#6 D:/coding/projects/web developer/Laravel/tavv.sa/vendor/laravel/framework/src/Illuminate/Database/Connection.php(1264): Illuminate/Database/Connection->getPdo()
#7 D:/coding/projects/web developer/Laravel/tavv.sa/vendor/laravel/framework/src/Illuminate/Database/Connection.php(509): Illuminate/Database/Connection->getReadPdo()
#8 D:/coding/projects/web developer/Laravel/tavv.sa/vendor/laravel/framework/src/Illuminate/Database/Connection.php(404): Illuminate/Database/Connection->getPdoForSelect(true)
#9 D:/coding/projects/web developer/Laravel/tavv.sa/vendor/laravel/framework/src/Illuminate/Database/Connection.php(809): Illuminate/Database/Connection->{closure:Illuminate/Database/Connection::select():395}('select exists (...', Array)
#10 D:/coding/projects/web developer/Laravel/tavv.sa/vendor/laravel/framework/src/Illuminate/Database/Connection.php(776): Illuminate/Database/Connection->runQueryCallback('select exists (...', Array, Object(Closure))
#11 D:/coding/projects/web developer/Laravel/tavv.sa/vendor/laravel/framework/src/Illuminate/Database/Connection.php(395): Illuminate/Database/Connection->run('select exists (...', Array, Object(Closure))
#12 D:/coding/projects/web developer/Laravel/tavv.sa/vendor/laravel/framework/src/Illuminate/Database/Connection.php(341): Illuminate/Database/Connection->select('select exists (...', Array, true)
#13 D:/coding/projects/web developer/Laravel/tavv.sa/vendor/laravel/framework/src/Illuminate/Database/Connection.php(358): Illuminate/Database/Connection->selectOne('select exists (...', Array, true)
#14 D:/coding/projects/web developer/Laravel/tavv.sa/vendor/laravel/framework/src/Illuminate/Database/Schema/Builder.php(174): Illuminate/Database/Connection->scalar('select exists (...')
#15 D:/coding/projects/web developer/Laravel/tavv.sa/vendor/laravel/framework/src/Illuminate/Support/Facades/Facade.php(361): Illuminate/Database/Schema/Builder->hasTable('settings')
#16 D:/coding/projects/web developer/Laravel/tavv.sa/platform/packages/corbital/laravel-settings/src/Helpers/SettingsHelper.php(36): Illuminate/Support/Facades/Facade::__callStatic('hasTable', Array)
#17 D:/coding/projects/web developer/Laravel/tavv.sa/platform/packages/corbital/laravel-settings/src/Helpers/SettingsHelper.php(197): get_settings_by_group('email')
#18 D:/coding/projects/web developer/Laravel/tavv.sa/app/Services/MailService.php(44): get_setting('email.smtp_encr...', 'tls')
#19 D:/coding/projects/web developer/Laravel/tavv.sa/app/Providers/AppServiceProvider.php(120): App/Services/MailService->setMailConfig()
#20 D:/coding/projects/web developer/Laravel/tavv.sa/app/Providers/AppServiceProvider.php(73): App/Providers/AppServiceProvider->configureMailService()
#21 D:/coding/projects/web developer/Laravel/tavv.sa/vendor/laravel/framework/src/Illuminate/Container/BoundMethod.php(36): App/Providers/AppServiceProvider->boot()
#22 D:/coding/projects/web developer/Laravel/tavv.sa/vendor/laravel/framework/src/Illuminate/Container/Util.php(43): Illuminate/Container/BoundMethod::{closure:Illuminate/Container/BoundMethod::call():35}()
#23 D:/coding/projects/web developer/Laravel/tavv.sa/vendor/laravel/framework/src/Illuminate/Container/BoundMethod.php(96): Illuminate/Container/Util::unwrapIfClosure(Object(Closure))
#24 D:/coding/projects/web developer/Laravel/tavv.sa/vendor/laravel/framework/src/Illuminate/Container/BoundMethod.php(35): Illuminate/Container/BoundMethod::callBoundMethod(Object(Illuminate/Foundation/Application), Array, Object(Closure))
#25 D:/coding/projects/web developer/Laravel/tavv.sa/vendor/laravel/framework/src/Illuminate/Container/Container.php(754): Illuminate/Container/BoundMethod::call(Object(Illuminate/Foundation/Application), Array, Array, NULL)
#26 D:/coding/projects/web developer/Laravel/tavv.sa/vendor/laravel/framework/src/Illuminate/Foundation/Application.php(1150): Illuminate/Container/Container->call(Array)
#27 D:/coding/projects/web developer/Laravel/tavv.sa/vendor/laravel/framework/src/Illuminate/Foundation/Application.php(1131): Illuminate/Foundation/Application->bootProvider(Object(App/Providers/AppServiceProvider))
#28 [internal function]: Illuminate/Foundation/Application->{closure:Illuminate/Foundation/Application::boot():1130}(Object(App/Providers/AppServiceProvider), 'App//Providers//A...')
#29 D:/coding/projects/web developer/Laravel/tavv.sa/vendor/laravel/framework/src/Illuminate/Foundation/Application.php(1130): array_walk(Array, Object(Closure))
#30 D:/coding/projects/web developer/Laravel/tavv.sa/vendor/laravel/framework/src/Illuminate/Foundation/Bootstrap/BootProviders.php(17): Illuminate/Foundation/Application->boot()
#31 D:/coding/projects/web developer/Laravel/tavv.sa/vendor/laravel/framework/src/Illuminate/Foundation/Application.php(341): Illuminate/Foundation/Bootstrap/BootProviders->bootstrap(Object(Illuminate/Foundation/Application))
#32 D:/coding/projects/web developer/Laravel/tavv.sa/vendor/laravel/framework/src/Illuminate/Foundation/Console/Kernel.php(473): Illuminate/Foundation/Application->bootstrapWith(Array)
#33 D:/coding/projects/web developer/Laravel/tavv.sa/vendor/laravel/framework/src/Illuminate/Foundation/Console/Kernel.php(195): Illuminate/Foundation/Console/Kernel->bootstrap()
#34 D:/coding/projects/web developer/Laravel/tavv.sa/vendor/laravel/framework/src/Illuminate/Foundation/Application.php(1234): Illuminate/Foundation/Console/Kernel->handle(Object(Symfony/Component/Console/Input/ArgvInput), Object(Symfony/Component/Console/Output/ConsoleOutput))
#35 D:/coding/projects/web developer/Laravel/tavv.sa/artisan(16): Illuminate/Foundation/Application->handleCommand(Object(Symfony/Component/Console/Input/ArgvInput))
#36 {main}
"} 
[2026-07-28 15:53:01] production.ERROR: SQLSTATE[HY000] [1049] Unknown database 'lv' (Connection: mysql, SQL: select exists (select 1 from information_schema.tables where table_schema = schema() and table_name = 'settings' and table_type in ('BASE TABLE', 'SYSTEM VERSIONED')) as `exists`) {"exception":"[object] (Illuminate\\Database\\QueryException(code: 1049): SQLSTATE[HY000] [1049] Unknown database 'lv' (Connection: mysql, SQL: select exists (select 1 from information_schema.tables where table_schema = schema() and table_name = 'settings' and table_type in ('BASE TABLE', 'SYSTEM VERSIONED')) as `exists`) at D:/coding/projects/web developer/Laravel/tavv.sa/vendor/laravel/framework/src/Illuminate/Database/Connection.php:822)
[stacktrace]
#0 D:/coding/projects/web developer/Laravel/tavv.sa/vendor/laravel/framework/src/Illuminate/Database/Connection.php(776): Illuminate/Database/Connection->runQueryCallback('select exists (...', Array, Object(Closure))
#1 D:/coding/projects/web developer/Laravel/tavv.sa/vendor/laravel/framework/src/Illuminate/Database/Connection.php(395): Illuminate/Database/Connection->run('select exists (...', Array, Object(Closure))
#2 D:/coding/projects/web developer/Laravel/tavv.sa/vendor/laravel/framework/src/Illuminate/Database/Connection.php(341): Illuminate/Database/Connection->select('select exists (...', Array, true)
#3 D:/coding/projects/web developer/Laravel/tavv.sa/vendor/laravel/framework/src/Illuminate/Database/Connection.php(358): Illuminate/Database/Connection->selectOne('select exists (...', Array, true)
#4 D:/coding/projects/web developer/Laravel/tavv.sa/vendor/laravel/framework/src/Illuminate/Database/Schema/Builder.php(174): Illuminate/Database/Connection->scalar('select exists (...')
#5 D:/coding/projects/web developer/Laravel/tavv.sa/vendor/laravel/framework/src/Illuminate/Support/Facades/Facade.php(361): Illuminate/Database/Schema/Builder->hasTable('settings')
#6 D:/coding/projects/web developer/Laravel/tavv.sa/platform/packages/corbital/laravel-settings/src/Helpers/SettingsHelper.php(36): Illuminate/Support/Facades/Facade::__callStatic('hasTable', Array)
#7 D:/coding/projects/web developer/Laravel/tavv.sa/platform/packages/corbital/laravel-settings/src/Helpers/SettingsHelper.php(197): get_settings_by_group('email')
#8 D:/coding/projects/web developer/Laravel/tavv.sa/app/Services/MailService.php(45): get_setting('email.sender_em...', '')
#9 D:/coding/projects/web developer/Laravel/tavv.sa/app/Providers/AppServiceProvider.php(120): App/Services/MailService->setMailConfig()
#10 D:/coding/projects/web developer/Laravel/tavv.sa/app/Providers/AppServiceProvider.php(73): App/Providers/AppServiceProvider->configureMailService()
#11 D:/coding/projects/web developer/Laravel/tavv.sa/vendor/laravel/framework/src/Illuminate/Container/BoundMethod.php(36): App/Providers/AppServiceProvider->boot()
#12 D:/coding/projects/web developer/Laravel/tavv.sa/vendor/laravel/framework/src/Illuminate/Container/Util.php(43): Illuminate/Container/BoundMethod::{closure:Illuminate/Container/BoundMethod::call():35}()
#13 D:/coding/projects/web developer/Laravel/tavv.sa/vendor/laravel/framework/src/Illuminate/Container/BoundMethod.php(96): Illuminate/Container/Util::unwrapIfClosure(Object(Closure))
#14 D:/coding/projects/web developer/Laravel/tavv.sa/vendor/laravel/framework/src/Illuminate/Container/BoundMethod.php(35): Illuminate/Container/BoundMethod::callBoundMethod(Object(Illuminate/Foundation/Application), Array, Object(Closure))
#15 D:/coding/projects/web developer/Laravel/tavv.sa/vendor/laravel/framework/src/Illuminate/Container/Container.php(754): Illuminate/Container/BoundMethod::call(Object(Illuminate/Foundation/Application), Array, Array, NULL)
#16 D:/coding/projects/web developer/Laravel/tavv.sa/vendor/laravel/framework/src/Illuminate/Foundation/Application.php(1150): Illuminate/Container/Container->call(Array)
#17 D:/coding/projects/web developer/Laravel/tavv.sa/vendor/laravel/framework/src/Illuminate/Foundation/Application.php(1131): Illuminate/Foundation/Application->bootProvider(Object(App/Providers/AppServiceProvider))
#18 [internal function]: Illuminate/Foundation/Application->{closure:Illuminate/Foundation/Application::boot():1130}(Object(App/Providers/AppServiceProvider), 'App//Providers//A...')
#19 D:/coding/projects/web developer/Laravel/tavv.sa/vendor/laravel/framework/src/Illuminate/Foundation/Application.php(1130): array_walk(Array, Object(Closure))
#20 D:/coding/projects/web developer/Laravel/tavv.sa/vendor/laravel/framework/src/Illuminate/Foundation/Bootstrap/BootProviders.php(17): Illuminate/Foundation/Application->boot()
#21 D:/coding/projects/web developer/Laravel/tavv.sa/vendor/laravel/framework/src/Illuminate/Foundation/Application.php(341): Illuminate/Foundation/Bootstrap/BootProviders->bootstrap(Object(Illuminate/Foundation/Application))
#22 D:/coding/projects/web developer/Laravel/tavv.sa/vendor/laravel/framework/src/Illuminate/Foundation/Console/Kernel.php(473): Illuminate/Foundation/Application->bootstrapWith(Array)
#23 D:/coding/projects/web developer/Laravel/tavv.sa/vendor/laravel/framework/src/Illuminate/Foundation/Console/Kernel.php(195): Illuminate/Foundation/Console/Kernel->bootstrap()
#24 D:/coding/projects/web developer/Laravel/tavv.sa/vendor/laravel/framework/src/Illuminate/Foundation/Application.php(1234): Illuminate/Foundation/Console/Kernel->handle(Object(Symfony/Component/Console/Input/ArgvInput), Object(Symfony/Component/Console/Output/ConsoleOutput))
#25 D:/coding/projects/web developer/Laravel/tavv.sa/artisan(16): Illuminate/Foundation/Application->handleCommand(Object(Symfony/Component/Console/Input/ArgvInput))
#26 {main}

[previous exception] [object] (PDOException(code: 1049): SQLSTATE[HY000] [1049] Unknown database 'lv' at D:/coding/projects/web developer/Laravel/tavv.sa/vendor/laravel/framework/src/Illuminate/Database/Connectors/Connector.php:67)
[stacktrace]
#0 D:/coding/projects/web developer/Laravel/tavv.sa/vendor/laravel/framework/src/Illuminate/Database/Connectors/Connector.php(67): PDO::connect('mysql:host=127....', 'root', Object(SensitiveParameterValue), Array)
#1 D:/coding/projects/web developer/Laravel/tavv.sa/vendor/laravel/framework/src/Illuminate/Database/Connectors/Connector.php(44): Illuminate/Database/Connectors/Connector->createPdoConnection('mysql:host=127....', 'root', Object(SensitiveParameterValue), Array)
#2 D:/coding/projects/web developer/Laravel/tavv.sa/vendor/laravel/framework/src/Illuminate/Database/Connectors/MySqlConnector.php(24): Illuminate/Database/Connectors/Connector->createConnection('mysql:host=127....', Array, Array)
#3 D:/coding/projects/web developer/Laravel/tavv.sa/vendor/laravel/framework/src/Illuminate/Database/Connectors/ConnectionFactory.php(184): Illuminate/Database/Connectors/MySqlConnector->connect(Array)
#4 [internal function]: Illuminate/Database/Connectors/ConnectionFactory->{closure:Illuminate/Database/Connectors/ConnectionFactory::createPdoResolverWithHosts():179}()
#5 D:/coding/projects/web developer/Laravel/tavv.sa/vendor/laravel/framework/src/Illuminate/Database/Connection.php(1228): call_user_func(Object(Closure))
#6 D:/coding/projects/web developer/Laravel/tavv.sa/vendor/laravel/framework/src/Illuminate/Database/Connection.php(1264): Illuminate/Database/Connection->getPdo()
#7 D:/coding/projects/web developer/Laravel/tavv.sa/vendor/laravel/framework/src/Illuminate/Database/Connection.php(509): Illuminate/Database/Connection->getReadPdo()
#8 D:/coding/projects/web developer/Laravel/tavv.sa/vendor/laravel/framework/src/Illuminate/Database/Connection.php(404): Illuminate/Database/Connection->getPdoForSelect(true)
#9 D:/coding/projects/web developer/Laravel/tavv.sa/vendor/laravel/framework/src/Illuminate/Database/Connection.php(809): Illuminate/Database/Connection->{closure:Illuminate/Database/Connection::select():395}('select exists (...', Array)
#10 D:/coding/projects/web developer/Laravel/tavv.sa/vendor/laravel/framework/src/Illuminate/Database/Connection.php(776): Illuminate/Database/Connection->runQueryCallback('select exists (...', Array, Object(Closure))
#11 D:/coding/projects/web developer/Laravel/tavv.sa/vendor/laravel/framework/src/Illuminate/Database/Connection.php(395): Illuminate/Database/Connection->run('select exists (...', Array, Object(Closure))
#12 D:/coding/projects/web developer/Laravel/tavv.sa/vendor/laravel/framework/src/Illuminate/Database/Connection.php(341): Illuminate/Database/Connection->select('select exists (...', Array, true)
#13 D:/coding/projects/web developer/Laravel/tavv.sa/vendor/laravel/framework/src/Illuminate/Database/Connection.php(358): Illuminate/Database/Connection->selectOne('select exists (...', Array, true)
#14 D:/coding/projects/web developer/Laravel/tavv.sa/vendor/laravel/framework/src/Illuminate/Database/Schema/Builder.php(174): Illuminate/Database/Connection->scalar('select exists (...')
#15 D:/coding/projects/web developer/Laravel/tavv.sa/vendor/laravel/framework/src/Illuminate/Support/Facades/Facade.php(361): Illuminate/Database/Schema/Builder->hasTable('settings')
#16 D:/coding/projects/web developer/Laravel/tavv.sa/platform/packages/corbital/laravel-settings/src/Helpers/SettingsHelper.php(36): Illuminate/Support/Facades/Facade::__callStatic('hasTable', Array)
#17 D:/coding/projects/web developer/Laravel/tavv.sa/platform/packages/corbital/laravel-settings/src/Helpers/SettingsHelper.php(197): get_settings_by_group('email')
#18 D:/coding/projects/web developer/Laravel/tavv.sa/app/Services/MailService.php(45): get_setting('email.sender_em...', '')
#19 D:/coding/projects/web developer/Laravel/tavv.sa/app/Providers/AppServiceProvider.php(120): App/Services/MailService->setMailConfig()
#20 D:/coding/projects/web developer/Laravel/tavv.sa/app/Providers/AppServiceProvider.php(73): App/Providers/AppServiceProvider->configureMailService()
#21 D:/coding/projects/web developer/Laravel/tavv.sa/vendor/laravel/framework/src/Illuminate/Container/BoundMethod.php(36): App/Providers/AppServiceProvider->boot()
#22 D:/coding/projects/web developer/Laravel/tavv.sa/vendor/laravel/framework/src/Illuminate/Container/Util.php(43): Illuminate/Container/BoundMethod::{closure:Illuminate/Container/BoundMethod::call():35}()
#23 D:/coding/projects/web developer/Laravel/tavv.sa/vendor/laravel/framework/src/Illuminate/Container/BoundMethod.php(96): Illuminate/Container/Util::unwrapIfClosure(Object(Closure))
#24 D:/coding/projects/web developer/Laravel/tavv.sa/vendor/laravel/framework/src/Illuminate/Container/BoundMethod.php(35): Illuminate/Container/BoundMethod::callBoundMethod(Object(Illuminate/Foundation/Application), Array, Object(Closure))
#25 D:/coding/projects/web developer/Laravel/tavv.sa/vendor/laravel/framework/src/Illuminate/Container/Container.php(754): Illuminate/Container/BoundMethod::call(Object(Illuminate/Foundation/Application), Array, Array, NULL)
#26 D:/coding/projects/web developer/Laravel/tavv.sa/vendor/laravel/framework/src/Illuminate/Foundation/Application.php(1150): Illuminate/Container/Container->call(Array)
#27 D:/coding/projects/web developer/Laravel/tavv.sa/vendor/laravel/framework/src/Illuminate/Foundation/Application.php(1131): Illuminate/Foundation/Application->bootProvider(Object(App/Providers/AppServiceProvider))
#28 [internal function]: Illuminate/Foundation/Application->{closure:Illuminate/Foundation/Application::boot():1130}(Object(App/Providers/AppServiceProvider), 'App//Providers//A...')
#29 D:/coding/projects/web developer/Laravel/tavv.sa/vendor/laravel/framework/src/Illuminate/Foundation/Application.php(1130): array_walk(Array, Object(Closure))
#30 D:/coding/projects/web developer/Laravel/tavv.sa/vendor/laravel/framework/src/Illuminate/Foundation/Bootstrap/BootProviders.php(17): Illuminate/Foundation/Application->boot()
#31 D:/coding/projects/web developer/Laravel/tavv.sa/vendor/laravel/framework/src/Illuminate/Foundation/Application.php(341): Illuminate/Foundation/Bootstrap/BootProviders->bootstrap(Object(Illuminate/Foundation/Application))
#32 D:/coding/projects/web developer/Laravel/tavv.sa/vendor/laravel/framework/src/Illuminate/Foundation/Console/Kernel.php(473): Illuminate/Foundation/Application->bootstrapWith(Array)
#33 D:/coding/projects/web developer/Laravel/tavv.sa/vendor/laravel/framework/src/Illuminate/Foundation/Console/Kernel.php(195): Illuminate/Foundation/Console/Kernel->bootstrap()
#34 D:/coding/projects/web developer/Laravel/tavv.sa/vendor/laravel/framework/src/Illuminate/Foundation/Application.php(1234): Illuminate/Foundation/Console/Kernel->handle(Object(Symfony/Component/Console/Input/ArgvInput), Object(Symfony/Component/Console/Output/ConsoleOutput))
#35 D:/coding/projects/web developer/Laravel/tavv.sa/artisan(16): Illuminate/Foundation/Application->handleCommand(Object(Symfony/Component/Console/Input/ArgvInput))
#36 {main}
"} 
[2026-07-28 15:53:01] production.ERROR: SQLSTATE[HY000] [1049] Unknown database 'lv' (Connection: mysql, SQL: select exists (select 1 from information_schema.tables where table_schema = schema() and table_name = 'settings' and table_type in ('BASE TABLE', 'SYSTEM VERSIONED')) as `exists`) {"exception":"[object] (Illuminate\\Database\\QueryException(code: 1049): SQLSTATE[HY000] [1049] Unknown database 'lv' (Connection: mysql, SQL: select exists (select 1 from information_schema.tables where table_schema = schema() and table_name = 'settings' and table_type in ('BASE TABLE', 'SYSTEM VERSIONED')) as `exists`) at D:/coding/projects/web developer/Laravel/tavv.sa/vendor/laravel/framework/src/Illuminate/Database/Connection.php:822)
[stacktrace]
#0 D:/coding/projects/web developer/Laravel/tavv.sa/vendor/laravel/framework/src/Illuminate/Database/Connection.php(776): Illuminate/Database/Connection->runQueryCallback('select exists (...', Array, Object(Closure))
#1 D:/coding/projects/web developer/Laravel/tavv.sa/vendor/laravel/framework/src/Illuminate/Database/Connection.php(395): Illuminate/Database/Connection->run('select exists (...', Array, Object(Closure))
#2 D:/coding/projects/web developer/Laravel/tavv.sa/vendor/laravel/framework/src/Illuminate/Database/Connection.php(341): Illuminate/Database/Connection->select('select exists (...', Array, true)
#3 D:/coding/projects/web developer/Laravel/tavv.sa/vendor/laravel/framework/src/Illuminate/Database/Connection.php(358): Illuminate/Database/Connection->selectOne('select exists (...', Array, true)
#4 D:/coding/projects/web developer/Laravel/tavv.sa/vendor/laravel/framework/src/Illuminate/Database/Schema/Builder.php(174): Illuminate/Database/Connection->scalar('select exists (...')
#5 D:/coding/projects/web developer/Laravel/tavv.sa/vendor/laravel/framework/src/Illuminate/Support/Facades/Facade.php(361): Illuminate/Database/Schema/Builder->hasTable('settings')
#6 D:/coding/projects/web developer/Laravel/tavv.sa/platform/packages/corbital/laravel-settings/src/Helpers/SettingsHelper.php(36): Illuminate/Support/Facades/Facade::__callStatic('hasTable', Array)
#7 D:/coding/projects/web developer/Laravel/tavv.sa/platform/packages/corbital/laravel-settings/src/Helpers/SettingsHelper.php(197): get_settings_by_group('email')
#8 D:/coding/projects/web developer/Laravel/tavv.sa/app/Services/MailService.php(46): get_setting('email.sender_na...', '')
#9 D:/coding/projects/web developer/Laravel/tavv.sa/app/Providers/AppServiceProvider.php(120): App/Services/MailService->setMailConfig()
#10 D:/coding/projects/web developer/Laravel/tavv.sa/app/Providers/AppServiceProvider.php(73): App/Providers/AppServiceProvider->configureMailService()
#11 D:/coding/projects/web developer/Laravel/tavv.sa/vendor/laravel/framework/src/Illuminate/Container/BoundMethod.php(36): App/Providers/AppServiceProvider->boot()
#12 D:/coding/projects/web developer/Laravel/tavv.sa/vendor/laravel/framework/src/Illuminate/Container/Util.php(43): Illuminate/Container/BoundMethod::{closure:Illuminate/Container/BoundMethod::call():35}()
#13 D:/coding/projects/web developer/Laravel/tavv.sa/vendor/laravel/framework/src/Illuminate/Container/BoundMethod.php(96): Illuminate/Container/Util::unwrapIfClosure(Object(Closure))
#14 D:/coding/projects/web developer/Laravel/tavv.sa/vendor/laravel/framework/src/Illuminate/Container/BoundMethod.php(35): Illuminate/Container/BoundMethod::callBoundMethod(Object(Illuminate/Foundation/Application), Array, Object(Closure))
#15 D:/coding/projects/web developer/Laravel/tavv.sa/vendor/laravel/framework/src/Illuminate/Container/Container.php(754): Illuminate/Container/BoundMethod::call(Object(Illuminate/Foundation/Application), Array, Array, NULL)
#16 D:/coding/projects/web developer/Laravel/tavv.sa/vendor/laravel/framework/src/Illuminate/Foundation/Application.php(1150): Illuminate/Container/Container->call(Array)
#17 D:/coding/projects/web developer/Laravel/tavv.sa/vendor/laravel/framework/src/Illuminate/Foundation/Application.php(1131): Illuminate/Foundation/Application->bootProvider(Object(App/Providers/AppServiceProvider))
#18 [internal function]: Illuminate/Foundation/Application->{closure:Illuminate/Foundation/Application::boot():1130}(Object(App/Providers/AppServiceProvider), 'App//Providers//A...')
#19 D:/coding/projects/web developer/Laravel/tavv.sa/vendor/laravel/framework/src/Illuminate/Foundation/Application.php(1130): array_walk(Array, Object(Closure))
#20 D:/coding/projects/web developer/Laravel/tavv.sa/vendor/laravel/framework/src/Illuminate/Foundation/Bootstrap/BootProviders.php(17): Illuminate/Foundation/Application->boot()
#21 D:/coding/projects/web developer/Laravel/tavv.sa/vendor/laravel/framework/src/Illuminate/Foundation/Application.php(341): Illuminate/Foundation/Bootstrap/BootProviders->bootstrap(Object(Illuminate/Foundation/Application))
#22 D:/coding/projects/web developer/Laravel/tavv.sa/vendor/laravel/framework/src/Illuminate/Foundation/Console/Kernel.php(473): Illuminate/Foundation/Application->bootstrapWith(Array)
#23 D:/coding/projects/web developer/Laravel/tavv.sa/vendor/laravel/framework/src/Illuminate/Foundation/Console/Kernel.php(195): Illuminate/Foundation/Console/Kernel->bootstrap()
#24 D:/coding/projects/web developer/Laravel/tavv.sa/vendor/laravel/framework/src/Illuminate/Foundation/Application.php(1234): Illuminate/Foundation/Console/Kernel->handle(Object(Symfony/Component/Console/Input/ArgvInput), Object(Symfony/Component/Console/Output/ConsoleOutput))
#25 D:/coding/projects/web developer/Laravel/tavv.sa/artisan(16): Illuminate/Foundation/Application->handleCommand(Object(Symfony/Component/Console/Input/ArgvInput))
#26 {main}

[previous exception] [object] (PDOException(code: 1049): SQLSTATE[HY000] [1049] Unknown database 'lv' at D:/coding/projects/web developer/Laravel/tavv.sa/vendor/laravel/framework/src/Illuminate/Database/Connectors/Connector.php:67)
[stacktrace]
#0 D:/coding/projects/web developer/Laravel/tavv.sa/vendor/laravel/framework/src/Illuminate/Database/Connectors/Connector.php(67): PDO::connect('mysql:host=127....', 'root', Object(SensitiveParameterValue), Array)
#1 D:/coding/projects/web developer/Laravel/tavv.sa/vendor/laravel/framework/src/Illuminate/Database/Connectors/Connector.php(44): Illuminate/Database/Connectors/Connector->createPdoConnection('mysql:host=127....', 'root', Object(SensitiveParameterValue), Array)
#2 D:/coding/projects/web developer/Laravel/tavv.sa/vendor/laravel/framework/src/Illuminate/Database/Connectors/MySqlConnector.php(24): Illuminate/Database/Connectors/Connector->createConnection('mysql:host=127....', Array, Array)
#3 D:/coding/projects/web developer/Laravel/tavv.sa/vendor/laravel/framework/src/Illuminate/Database/Connectors/ConnectionFactory.php(184): Illuminate/Database/Connectors/MySqlConnector->connect(Array)
#4 [internal function]: Illuminate/Database/Connectors/ConnectionFactory->{closure:Illuminate/Database/Connectors/ConnectionFactory::createPdoResolverWithHosts():179}()
#5 D:/coding/projects/web developer/Laravel/tavv.sa/vendor/laravel/framework/src/Illuminate/Database/Connection.php(1228): call_user_func(Object(Closure))
#6 D:/coding/projects/web developer/Laravel/tavv.sa/vendor/laravel/framework/src/Illuminate/Database/Connection.php(1264): Illuminate/Database/Connection->getPdo()
#7 D:/coding/projects/web developer/Laravel/tavv.sa/vendor/laravel/framework/src/Illuminate/Database/Connection.php(509): Illuminate/Database/Connection->getReadPdo()
#8 D:/coding/projects/web developer/Laravel/tavv.sa/vendor/laravel/framework/src/Illuminate/Database/Connection.php(404): Illuminate/Database/Connection->getPdoForSelect(true)
#9 D:/coding/projects/web developer/Laravel/tavv.sa/vendor/laravel/framework/src/Illuminate/Database/Connection.php(809): Illuminate/Database/Connection->{closure:Illuminate/Database/Connection::select():395}('select exists (...', Array)
#10 D:/coding/projects/web developer/Laravel/tavv.sa/vendor/laravel/framework/src/Illuminate/Database/Connection.php(776): Illuminate/Database/Connection->runQueryCallback('select exists (...', Array, Object(Closure))
#11 D:/coding/projects/web developer/Laravel/tavv.sa/vendor/laravel/framework/src/Illuminate/Database/Connection.php(395): Illuminate/Database/Connection->run('select exists (...', Array, Object(Closure))
#12 D:/coding/projects/web developer/Laravel/tavv.sa/vendor/laravel/framework/src/Illuminate/Database/Connection.php(341): Illuminate/Database/Connection->select('select exists (...', Array, true)
#13 D:/coding/projects/web developer/Laravel/tavv.sa/vendor/laravel/framework/src/Illuminate/Database/Connection.php(358): Illuminate/Database/Connection->selectOne('select exists (...', Array, true)
#14 D:/coding/projects/web developer/Laravel/tavv.sa/vendor/laravel/framework/src/Illuminate/Database/Schema/Builder.php(174): Illuminate/Database/Connection->scalar('select exists (...')
#15 D:/coding/projects/web developer/Laravel/tavv.sa/vendor/laravel/framework/src/Illuminate/Support/Facades/Facade.php(361): Illuminate/Database/Schema/Builder->hasTable('settings')
#16 D:/coding/projects/web developer/Laravel/tavv.sa/platform/packages/corbital/laravel-settings/src/Helpers/SettingsHelper.php(36): Illuminate/Support/Facades/Facade::__callStatic('hasTable', Array)
#17 D:/coding/projects/web developer/Laravel/tavv.sa/platform/packages/corbital/laravel-settings/src/Helpers/SettingsHelper.php(197): get_settings_by_group('email')
#18 D:/coding/projects/web developer/Laravel/tavv.sa/app/Services/MailService.php(46): get_setting('email.sender_na...', '')
#19 D:/coding/projects/web developer/Laravel/tavv.sa/app/Providers/AppServiceProvider.php(120): App/Services/MailService->setMailConfig()
#20 D:/coding/projects/web developer/Laravel/tavv.sa/app/Providers/AppServiceProvider.php(73): App/Providers/AppServiceProvider->configureMailService()
#21 D:/coding/projects/web developer/Laravel/tavv.sa/vendor/laravel/framework/src/Illuminate/Container/BoundMethod.php(36): App/Providers/AppServiceProvider->boot()
#22 D:/coding/projects/web developer/Laravel/tavv.sa/vendor/laravel/framework/src/Illuminate/Container/Util.php(43): Illuminate/Container/BoundMethod::{closure:Illuminate/Container/BoundMethod::call():35}()
#23 D:/coding/projects/web developer/Laravel/tavv.sa/vendor/laravel/framework/src/Illuminate/Container/BoundMethod.php(96): Illuminate/Container/Util::unwrapIfClosure(Object(Closure))
#24 D:/coding/projects/web developer/Laravel/tavv.sa/vendor/laravel/framework/src/Illuminate/Container/BoundMethod.php(35): Illuminate/Container/BoundMethod::callBoundMethod(Object(Illuminate/Foundation/Application), Array, Object(Closure))
#25 D:/coding/projects/web developer/Laravel/tavv.sa/vendor/laravel/framework/src/Illuminate/Container/Container.php(754): Illuminate/Container/BoundMethod::call(Object(Illuminate/Foundation/Application), Array, Array, NULL)
#26 D:/coding/projects/web developer/Laravel/tavv.sa/vendor/laravel/framework/src/Illuminate/Foundation/Application.php(1150): Illuminate/Container/Container->call(Array)
#27 D:/coding/projects/web developer/Laravel/tavv.sa/vendor/laravel/framework/src/Illuminate/Foundation/Application.php(1131): Illuminate/Foundation/Application->bootProvider(Object(App/Providers/AppServiceProvider))
#28 [internal function]: Illuminate/Foundation/Application->{closure:Illuminate/Foundation/Application::boot():1130}(Object(App/Providers/AppServiceProvider), 'App//Providers//A...')
#29 D:/coding/projects/web developer/Laravel/tavv.sa/vendor/laravel/framework/src/Illuminate/Foundation/Application.php(1130): array_walk(Array, Object(Closure))
#30 D:/coding/projects/web developer/Laravel/tavv.sa/vendor/laravel/framework/src/Illuminate/Foundation/Bootstrap/BootProviders.php(17): Illuminate/Foundation/Application->boot()
#31 D:/coding/projects/web developer/Laravel/tavv.sa/vendor/laravel/framework/src/Illuminate/Foundation/Application.php(341): Illuminate/Foundation/Bootstrap/BootProviders->bootstrap(Object(Illuminate/Foundation/Application))
#32 D:/coding/projects/web developer/Laravel/tavv.sa/vendor/laravel/framework/src/Illuminate/Foundation/Console/Kernel.php(473): Illuminate/Foundation/Application->bootstrapWith(Array)
#33 D:/coding/projects/web developer/Laravel/tavv.sa/vendor/laravel/framework/src/Illuminate/Foundation/Console/Kernel.php(195): Illuminate/Foundation/Console/Kernel->bootstrap()
#34 D:/coding/projects/web developer/Laravel/tavv.sa/vendor/laravel/framework/src/Illuminate/Foundation/Application.php(1234): Illuminate/Foundation/Console/Kernel->handle(Object(Symfony/Component/Console/Input/ArgvInput), Object(Symfony/Component/Console/Output/ConsoleOutput))
#35 D:/coding/projects/web developer/Laravel/tavv.sa/artisan(16): Illuminate/Foundation/Application->handleCommand(Object(Symfony/Component/Console/Input/ArgvInput))
#36 {main}
"} 
[2026-07-28 15:53:02] production.ERROR: Call to a member function make() on null {"exception":"[object] (Error(code: 0): Call to a member function make() on null at D:/coding/projects/web developer/Laravel/tavv.sa/vendor/laravel/framework/src/Illuminate/Console/Command.php:169)
[stacktrace]
#0 D:/coding/projects/web developer/Laravel/tavv.sa/vendor/symfony/console/Application.php(1117): Illuminate/Console/Command->run(Object(Symfony/Component/Console/Input/ArgvInput), Object(Symfony/Component/Console/Output/ConsoleOutput))
#1 D:/coding/projects/web developer/Laravel/tavv.sa/vendor/symfony/console/Application.php(356): Symfony/Component/Console/Application->doRunCommand(Object(Illuminate/Foundation/Console/PackageDiscoverCommand), Object(Symfony/Component/Console/Input/ArgvInput), Object(Symfony/Component/Console/Output/ConsoleOutput))
#2 D:/coding/projects/web developer/Laravel/tavv.sa/vendor/symfony/console/Application.php(195): Symfony/Component/Console/Application->doRun(Object(Symfony/Component/Console/Input/ArgvInput), Object(Symfony/Component/Console/Output/ConsoleOutput))
#3 D:/coding/projects/web developer/Laravel/tavv.sa/vendor/laravel/framework/src/Illuminate/Foundation/Console/Kernel.php(197): Symfony/Component/Console/Application->run(Object(Symfony/Component/Console/Input/ArgvInput), Object(Symfony/Component/Console/Output/ConsoleOutput))
#4 D:/coding/projects/web developer/Laravel/tavv.sa/vendor/laravel/framework/src/Illuminate/Foundation/Application.php(1234): Illuminate/Foundation/Console/Kernel->handle(Object(Symfony/Component/Console/Input/ArgvInput), Object(Symfony/Component/Console/Output/ConsoleOutput))
#5 D:/coding/projects/web developer/Laravel/tavv.sa/artisan(16): Illuminate/Foundation/Application->handleCommand(Object(Symfony/Component/Console/Input/ArgvInput))
#6 {main}
"} 
